 AS V1.42 Beta [Bld 137] - source file tinybas85.asm - page 1 - 12/31/2020 10:28:28


       1/       0 :                             PAGE 0                ;SUPPRESS FF ADDED IN LIST FILE
       2/       0 :                     ;*************************************************************
       3/       0 :                     ;
       4/       0 :                     ;                 TINY BASIC FOR INTEL 8085
       5/       0 :                     ;                       VERSION 2.X
       6/       0 :                     ;                     BY LI-CHEN WANG
       7/       0 :                     ;                  MODIFIED AND TRANSLATED
       8/       0 :                     ;                    TO INTEL MNEMONICS
       9/       0 :                     ;                     BY ROGER RAUSKOLB
      10/       0 :                     ;                      10 OCTOBER,1976
      11/       0 :                     ;                        @COPYLEFT
      12/       0 :                     ;                   ALL WRONGS RESERVED
      13/       0 :                     ;              ADDITIONS BY ANDERS HJELM 2020
      14/       0 :                     ;
      15/       0 :                     ;*************************************************************
      16/       0 :                     ;
      17/       0 :                     ; *** 8085 ADDITIONAL INSTRUCTIONS ***
      18/       0 :                     ;
      19/       0 :                     ; UNDOCUMENTED INSTRUCTIONS FOR THE 8085 CPU SUPPLIED AS MACROS
      20/       0 :                     ;
      21/       0 :                     DSUB    MACRO                 ;16-BIT SUBTRACT: HL = HL - BC
      22/       0 :                             DB    08H
      23/       0 :                             ENDM
      24/       0 :                     ;
      25/       0 :                     ARHL    MACRO                 ;ARITHMETIC SHIFT RIGHT OF HL
      26/       0 :                             DB    10H
      27/       0 :                             ENDM
      28/       0 :                     ;
      29/       0 :                     RDEL    MACRO                 ;ROTATE LEFT THROUGH CARRY OF DE
      30/       0 :                             DB    18H
      31/       0 :                             ENDM
      32/       0 :                     ;
      33/       0 :                     LDHI    MACRO BARG1           ;LOAD DE WITH HL + IMMEDIATE BYTE
      34/       0 :                             DB    28H
      35/       0 :                             DB    BARG1
      36/       0 :                             ENDM
      37/       0 :                     ;
      38/       0 :                     LDSI    MACRO BARG2           ;LOAD DE WITH SP + IMMEDIATE BYTE
      39/       0 :                             DB    38H
      40/       0 :                             DB    BARG2
      41/       0 :                             ENDM
      42/       0 :                     ;
      43/       0 :                     RSTV    MACRO                 ;RESTART ON OVERFLOW ("CV 0040H")
      44/       0 :                             DB    0CBH
      45/       0 :                             ENDM
      46/       0 :                     ;
      47/       0 :                     SHLX    MACRO                 ;STORE HL INDIRECT THROUGH (DE)
      48/       0 :                             DB    0D9H
      49/       0 :                             ENDM
      50/       0 :                     ;
      51/       0 :                     LHLX    MACRO                 ;LOAD HL INDIRECT THROUGH (DE)
      52/       0 :                             DB    0EDH
      53/       0 :                             ENDM
      54/       0 :                     ;
      55/       0 :                     JNK     MACRO WARG1           ;JUMP ON NOT K-FLAG
      56/       0 :                             DB    0DDH
      57/       0 :                             DB    (WARG1 & 0FFH)
      58/       0 :                             DB    (WARG1 >> 8)
      59/       0 :                             ENDM
      60/       0 :                     ;
      61/       0 :                     JK      MACRO WARG2           ;JUMP ON K-FLAG
      62/       0 :                             DB    0FDH
      63/       0 :                             DB    (WARG2 & 0FFH)
      64/       0 :                             DB    (WARG2 >> 8)
      65/       0 :                             ENDM
      66/       0 :                     ;
      67/       0 :                     ; *** TABLE/ADDRESSING MACRO ***
      68/       0 :                     ;
      69/       0 :                     ; USING TWO BYTE ADDRESS WITH MOST SIGNIFICANT BIT SET TO 1
      70/       0 :                     ;
      71/       0 :                     DWA     MACRO WHERE
      72/       0 :                             DB   (WHERE >> 8) + 128
      73/       0 :                             DB   WHERE & 0FFH
      74/       0 :                             ENDM
      75/       0 :                     ;
      76/       0 :                     ;*************************************************************
      77/       0 :                     ;
      78/       0 :                     ; *** ZERO PAGE SUBROUTINES ***
      79/       0 :                     ;
      80/       0 :                     ; THE 8080 INSTRUCTION SET LETS YOU HAVE 8 ROUTINES IN LOW
      81/       0 :                     ; MEMORY THAT MAY BE CALLED BY RST N, N BEING 0 THROUGH 7.
      82/       0 :                     ; THIS IS A ONE BYTE INSTRUCTION AND HAS THE SAME POWER AS
      83/       0 :                     ; THE THREE BYTE INSTRUCTION CALL LLHH.  TINY BASIC WILL
      84/       0 :                     ; USE RST 0 AS START AND RST 1 THROUGH RST 7 FOR
      85/       0 :                     ; THE SEVEN MOST FREQUENTLY USED SUBROUTINES.
      86/       0 :                     ; TWO OTHER SUBROUTINES (CRLF AND TSTNUM) ARE ALSO IN THIS
      87/       0 :                     ; SECTION.  THEY CAN BE REACHED ONLY BY 3-BYTE CALLS.
      88/       0 :                     ; BY USING RST CALLS, ROM CODE IS REDUCED BY ABOUT 200 BYTES.
      89/       0 :                     ;
      90/       0 :                             ORG  0H
      91/       0 : 31 00 C0            START:  LXI  SP,STACK           ;*** COLD START ***
      92/       3 : 3E 80                       MVI  A,80H
      93/       5 : C3 4E 0A                    JMP  INIT
      94/       8 :                     ;
      95/       8 : E3                  TSTC:   XTHL                    ;*** TSTC OR RST 1 *** (24x)
      96/       9 : EF                          RST  5                  ;IGNORE BLANKS AND
      97/       A : BE                          CMP  M                  ;TEST CHARACTER
      98/       B : C3 7D 00                    JMP  TC1                ;REST OF THIS IS AT TC1
      99/       E :                     ;
     100/       E : 3E 0D               CRLF:   MVI  A,CR               ;*** CRLF ***
     101/      10 :                     ;
     102/      10 : F5                  OUTC:   PUSH PSW                ;*** OUTC OR RST 2 *** (22x)
     103/      11 : C3 CC 0A                    JMP  OC3                ;REST OF THIS IS AT OC3
     104/      14 :                     ;
     105/      14 : 20                  RIMSK:  RIM                     ;*** READ INTERRUPT MASK ***
     106/      15 : 6F                          MOV  L,A                ;PLACE RESULT IN L
     107/      16 : C9                          RET                     ;THAT'S ALL
     108/      17 : 00                          NOP                     ;DUMMY FILL BYTE
     109/      18 :                     ;
     110/      18 : CD 34 05            EXPR:   CALL EXPR0              ;*** EXPR OR RST 3 *** (11x)
     111/      1B : E5                          PUSH H                  ;EVALUATE AN EXPRESSION
     112/      1C : C3 F0 04                    JMP  RELOP              ;REST OF IT AT RELOP
     113/      1F : 57                          DB   'W'
     114/      20 :                     ;
     115/      20 : 7C                  COMP:   MOV  A,H                ;*** COMP OR RST 4 *** (16x)
     116/      21 : BA                          CMP  D                  ;COMPARE HL WITH DE
     117/      22 : C0                          RNZ                     ;RETURN CORRECT C AND
     118/      23 : 7D                          MOV  A,L                ;Z FLAGS
     119/      24 : BB                          CMP  E                  ;BUT OLD A IS LOST
     120/      25 : C9                          RET
     121/      26 : 41 4E                       DB   "AN"
     122/      28 :                     ;
     123/      28 : 1A                  IGNBLK: LDAX D                  ;*** IGNBLK/RST 5 *** (7x)
     124/      29 : FE 20                       CPI  ' '                ;IGNORE BLANKS
     125/      2B : C0                          RNZ                     ;IN TEXT (WHERE DE->)
     126/      2C : 13                          INX  D                  ;AND RETURN THE FIRST
     127/      2D : C3 28 00                    JMP  IGNBLK             ;NON-BLANK CHAR. IN A
     128/      30 :                     ;
     129/      30 : F1                  FINISH: POP  PSW                ;*** FINISH/RST 6 *** (16x)
     130/      31 : CD A7 07                    CALL FIN                ;CHECK END OF COMMAND
     131/      34 : CD C6 07                    CALL QWHAT              ;PRINT "WHAT?" IF WRONG
     132/      37 : 47                          DB   'G'
     133/      38 :                     ;
     134/      38 : C3 57 06            XPR40:  JMP  XP40               ;*** XP40 OR RST 7 *** (24x)
     135/      3B : 00                          NOP                     ;DUMMY FILL BYTE
     136/      3C :                     ;
     137/      3C : F3                  TIMINT: DI                      ;*** TIMER/RST 7.5 ***
     138/      3D : E5                          PUSH H                  ;DURATION 40us EVERY 1ms
     139/      3E : F5                          PUSH PSW                ;ONLY ABOUT 2.5% OVERHEAD
     140/      3F : 2A 04 80                    LHLD TIMCNT             ;GET TIMER COUNT
     141/      42 : 23                          INX  H                  ;AND INCREMENT IT
     142/      43 : 22 04 80                    SHLD TIMCNT
     143/      46 : 3E 10                       MVI  A,10H              ;RESET THE RST 7.5 F/F
     144/      48 : 30                          SIM
     145/      49 : F1                          POP  PSW
     146/      4A : E1                          POP  H
     147/      4B : FB                          EI
     148/      4C : C9                          RET
     149/      4D :                     ;
     150/      4D : EF                  TSTV:   RST  5                  ;*** TSTV ***
     151/      4E : D6 40                       SUI  '@'                ;TEST VARIABLES
     152/      50 : D8                          RC                      ;C:NOT A VARIABLE
     153/      51 : C2 6D 00                    JNZ  TV1                ;NOT "@" ARRAY
     154/      54 : 13                          INX  D                  ;IT IS THE "@" ARRAY
     155/      55 : CD 68 06                    CALL PARN               ;@ SHOULD BE FOLLOWED
     156/      58 : 29                          DAD  H                  ;BY (EXPR) AS ITS INDEX
     157/      59 : DC FC 00                    CC   QHOW               ;IS INDEX TOO BIG?
     158/      5C : D5                          PUSH D                  ;WILL IT OVERWRITE
     159/      5D : EB                          XCHG                    ;TEXT?
     160/      5E : CD 45 07                    CALL FREE               ;FIND SIZE OF FREE MEM
     161/      61 : E7                          RST  4                  ;AND CHECK THAT
     162/      62 : DC 0A 08                    CC   ASORRY             ;IF SO, SAY "SORRY"
     163/      65 : 21 00 BF                    LXI  H,VARBGN           ;IF NOT GET ADDRESS
     164/      68 : CD 68 07                    CALL SUBDE              ;OF @(EXPR) AND PUT IT
     165/      6B : D1                          POP  D                  ;IN HL
     166/      6C : C9                          RET                     ;C FLAG IS CLEARED
     167/      6D : FE 1B               TV1:    CPI  1BH                ;NOT @, IS IT A TO Z?
     168/      6F : 3F                          CMC                     ;IF NOT RETURN C FLAG
     169/      70 : D8                          RC
     170/      71 : 13                          INX  D                  ;IF A THROUGH Z
     171/      72 : 21 00 BF                    LXI  H,VARBGN           ;COMPUTE ADDRESS OF
     172/      75 : 07                          RLC                     ;THAT VARIABLE
     173/      76 : 85                          ADD  L                  ;AND RETURN IT IN HL
     174/      77 : 6F                          MOV  L,A                ;WITH C FLAG CLEARED
     175/      78 : 3E 00                       MVI  A,0
     176/      7A : 8C                          ADC  H
     177/      7B : 67                          MOV  H,A
     178/      7C : C9                          RET
     179/      7D :                     ;
     180/      7D :                     ;TSTC:  XTHL                    ;*** TSTC OR RST 1 ***
     181/      7D :                     ;       RST  5                  ;THIS IS AT LOC. 8
     182/      7D :                     ;       CMP  M                  ;AND THEN JUMP HERE
     183/      7D : 23                  TC1:    INX  H                  ;COMPARE THE BYTE THAT
     184/      7E : CA 88 00                    JZ   TC2                ;FOLLOWS THE RST INST.
     185/      81 : C5                          PUSH B                  ;WITH THE TEXT (DE->)
     186/      82 : 4E                          MOV  C,M                ;IF NOT =, ADD THE 2ND
     187/      83 : 06 00                       MVI  B,0                ;BYTE THAT FOLLOWS THE
     188/      85 : 09                          DAD  B                  ;RST TO THE OLD PC
     189/      86 : C1                          POP  B                  ;I.E., DO A RELATIVE
     190/      87 : 1B                          DCX  D                  ;JUMP IF NOT =
     191/      88 : 13                  TC2:    INX  D                  ;IF =, SKIP THOSE BYTES
     192/      89 : 23                          INX  H                  ;AND CONTINUE
     193/      8A : E3                          XTHL
     194/      8B : C9                          RET
     195/      8C :                     ;
     196/      8C : 21 00 00            TSTNUM: LXI  H,0                ;*** TSTNUM ***
     197/      8F : 44                          MOV  B,H                ;TEST IF THE TEXT IS
     198/      90 : EF                          RST  5                  ;A NUMBER
     199/      91 : FE 27                       CPI  27H                ;TEST FOR SINGLE QUOTE
     200/      93 : C2 A3 00                    JNZ  TN0                ;NO, TRY HEXADECIMAL
     201/      96 : 13                          INX  D                  ;BUMP TXTPTR TO VALUE
     202/      97 : 1A                          LDAX D                  ;GET IT
     203/      98 : 6F                          MOV  L,A                ;RETURN IN (H)L
     204/      99 : 04                          INR  B                  ;INDICATE DIGIT FOUND
     205/      9A : 13                          INX  D                  ;BUMP PTR
     206/      9B : 1A                          LDAX D                  ;AND TEST
     207/      9C : FE 27                       CPI  27H                ;CLOSING QUOTE
     208/      9E : C4 C6 07                    CNZ QWHAT               ;IF NOT IT'S ERROR
     209/      A1 : 13                          INX  D                  ;OTHERWISE BUMP TXTPTR
     210/      A2 : C9                          RET                     ;AND RETURN
     211/      A3 : FE 24               TN0:    CPI  '$'                ;TEST FOR HEXADECIMAL
     212/      A5 : C2 CE 00                    JNZ  TN1                ;NO, TRY DECIMAL
     213/      A8 : 13                  TN2:    INX  D                  ;YES, IT'S HEXADEC.
     214/      A9 : 1A                          LDAX D                  ;EVALUATE NEXT CHAR
     215/      AA : D6 30                       SUI  '0'                ;GO FROM ASCII TO HEX
     216/      AC : DA C8 00                    JC   TN4                ;QUIT IF ASCII BELOW '0'
     217/      AF : FE 0A                       CPI  0AH                ;CHECK IF BELOW 0AH
     218/      B1 : DA BB 00                    JC   TN3                ;OK, CONVERT
     219/      B4 : D6 07                       SUI  'A'-'9'-1          ;ELSE SUB DIFF TO 'A'
     220/      B6 : FE 10                       CPI  10H                ;CHECK IF BELOW 10H
     221/      B8 : D2 C8 00                    JNC  TN4                ;QUIT IF NOT
     222/      BB : 29                  TN3:    DAD  H                  ;RIGHT SHIFT FOUR POS
     223/      BC : 29                          DAD  H                  ;EQUALS MULTIPLICATION
     224/      BD : 29                          DAD  H                  ;BY 16
     225/      BE : 29                          DAD  H
     226/      BF : DC FC 00                    CC   QHOW               ;CARRY MEANS OVERFLOW
     227/      C2 : B5                          ORA  L                  ;ADD THE NEW DIGIT
     228/      C3 : 6F                          MOV  L,A                ;RESULT BACK IN L
     229/      C4 : 04                          INR  B                  ;COUNT DIGITS
     230/      C5 : C3 A8 00                    JMP  TN2                ;AND CONTINUE
     231/      C8 : AF                  TN4:    XRA  A                  ;TEST VALUE OF B
     232/      C9 : B0                          ORA  B                  ;AT LEAST ONE DIGIT
     233/      CA : C0                          RNZ                     ;MUST FOLLOW $ SIGN
     234/      CB : CD FC 00                    CALL  QHOW              ;ELSE IT'S ERROR
     235/      CE : FE 30               TN1:    CPI  '0'                ;IF NOT, RETURN 0 IN
     236/      D0 : D8                          RC                      ;B AND HL
     237/      D1 : FE 3A                       CPI  '9'+1              ;IF NUMBERS, CONVERT
     238/      D3 : D0                          RNC                     ;TO BINARY IN HL AND
     239/      D4 : 13                          INX  D                  ;PREPARE FOR NEXT DIGIT
     240/      D5 : 04                          INR  B                  ;B COUNTS # OF DIGITS
     241/      D6 : C5                          PUSH B
     242/      D7 : 44                          MOV  B,H                ;HL=10*HL+(NEW DIGIT)
     243/      D8 : 4D                          MOV  C,L
     244/      D9 : 29                          DAD  H                  ;WHERE 10* IS DONE BY
     245/      DA : 29                          DAD  H                  ;SHIFT AND ADD
     246/      DB : 09                          DAD  B
     247/      DC : 29                          DAD  H
     248/      DD : E6 0F                       ANI  0FH                ;STRIP THE ASCII CODE
     249/      DF : 4F                          MOV  C,A                ;USE REG BC FOR ADD
     250/      E0 : 06 00                       MVI  B,0
     251/      E2 : 09                          DAD  B
     252/      E3 : DC FC 00                    CC   QHOW               ;UNSIGNED, CY IS OVFLOW
     253/      E6 : 7C                          MOV  A,H                ;FOR SIGNED, CHECK
     254/      E7 : E6 80                       ANI  80H                ;THE SIGN BIT
     255/      E9 : C1                          POP  B
     256/      EA : 1A                          LDAX D                  ;DO THIS DIGIT AFTER
     257/      EB : F2 CE 00                    JP   TN1                ;DIGIT. S SAYS OVERFLOW
     258/      EE : 3A 03 80                    LDA  USIGNF             ;CHECK IF IT'S UNSIGNED
     259/      F1 : B7                          ORA  A                  ;OPERATION
     260/      F2 : CC FC 00                    CZ   QHOW               ;ERROR IF NOT
     261/      F5 : 1A                          LDAX D                  ;ELSE LET'S CONTINUE
     262/      F6 : C3 CE 00                    JMP  TN1
     263/      F9 :                     ;                               ;*** AHOW ***
     264/      F9 : E1                  AHOW:   POP  H                  ; PC TO HL,(DE)IS TOP OF STK
     265/      FA : E3                          XTHL                    ;(DE)TO HL, PC BACK ON STACK
     266/      FB : EB                          XCHG                    ;(DE)IS BACK IN DE, HL JUNK
     267/      FC : D5                  QHOW:   PUSH D                  ;*** QHOW ***
     268/      FD : 11 06 01                    LXI  D,HOW
     269/     100 : C3 CA 07                    JMP  ERROR
     270/     103 :                     ;
     271/     103 : 4F 4B 0D            OK:     DB   "OK"    ,CR
     272/     106 : 48 4F 57 3F 20 0D   HOW:    DB   "HOW? " ,CR
     273/     10C : 57 48 41 54 3F 20   WHAT:   DB   "WHAT? ",CR
                    0D 
     274/     113 : 53 4F 52 52 59 20   SORRY:  DB   "SORRY ",CR
                    0D 
     275/     11A :                     ;
     276/     11A :                     ;*************************************************************
     277/     11A :                     ;
     278/     11A :                     ; *** MAIN ***
     279/     11A :                     ;
     280/     11A :                     ; THIS IS THE MAIN LOOP THAT COLLECTS THE TINY BASIC PROGRAM
     281/     11A :                     ; AND STORES IT IN THE MEMORY.
     282/     11A :                     ;
     283/     11A :                     ; AT START, IT PRINTS OUT "(CR)OK(CR)", AND INITIALIZES THE
     284/     11A :                     ; STACK AND SOME OTHER INTERNAL VARIABLES.  THEN IT PROMPTS
     285/     11A :                     ; ">" AND READS A LINE.  IF THE LINE STARTS WITH A NON-ZERO
     286/     11A :                     ; NUMBER, THIS NUMBER IS THE LINE NUMBER.  THE LINE NUMBER
     287/     11A :                     ; (IN 16 BIT BINARY) AND THE REST OF THE LINE (INCLUDING CR)
     288/     11A :                     ; IS STORED IN THE MEMORY.  IF A LINE WITH THE SAME LINE
     289/     11A :                     ; NUMBER IS ALREADY THERE, IT IS REPLACED BY THE NEW ONE.  IF
     290/     11A :                     ; THE REST OF THE LINE CONSISTS OF A CR ONLY, IT IS NOT STORED
     291/     11A :                     ; AND ANY EXISTING LINE WITH THE SAME LINE NUMBER IS DELETED.
     292/     11A :                     ;
     293/     11A :                     ; AFTER A LINE IS INSERTED, REPLACED, OR DELETED, THE PROGRAM
     294/     11A :                     ; LOOPS BACK AND ASKS FOR ANOTHER LINE.  THIS LOOP WILL BE
     295/     11A :                     ; TERMINATED WHEN IT READS A LINE WITH ZERO OR NO LINE
     296/     11A :                     ; NUMBER; AND CONTROL IS TRANSFERED TO "DIRECT".
     297/     11A :                     ;
     298/     11A :                     ; TINY BASIC PROGRAM SAVE AREA STARTS AT THE MEMORY LOCATION
     299/     11A :                     ; LABELED "TXTBGN" AND ENDS AT "TXTEND".  WE ALWAYS FILL THIS
     300/     11A :                     ; AREA STARTING AT "TXTBGN", THE UNFILLED PORTION IS POINTED
     301/     11A :                     ; BY THE CONTENT OF A MEMORY LOCATION LABELED "TXTUNF".
     302/     11A :                     ;
     303/     11A :                     ; THE MEMORY LOCATION "CURRNT" POINTS TO THE LINE NUMBER
     304/     11A :                     ; THAT IS CURRENTLY BEING INTERPRETED.  WHILE WE ARE IN
     305/     11A :                     ; THIS LOOP OR WHILE WE ARE INTERPRETING A DIRECT COMMAND
     306/     11A :                     ; (SEE NEXT SECTION). "CURRNT" SHOULD POINT TO A 0.
     307/     11A :                     ;
     308/     11A : 21 21 01            ST1:    LXI  H,ST2+1            ;PTR TO MEM.LOC = 0
     309/     11D : 22 06 80                    SHLD CURRNT             ;CURRENT->LINE # = 0
     310/     120 : 21 00 00            ST2:    LXI  H,0
     311/     123 : 22 0E 80                    SHLD LOPVAR
     312/     126 : 22 08 80                    SHLD STKGOS
     313/     129 : C9                          RET
     314/     12A :                     ;
     315/     12A : 97                  CTRLC:  SUB  A                  ;FOR CTRL-C WE ALSO
     316/     12B : D3 30                       OUT  SELECT             ;RESET THE SELECT LINES
     317/     12D : 31 00 C0            RSTART: LXI  SP,STACK           ;HERE WE COME AFTER
     318/     130 : CD 1A 01                    CALL ST1                ;EXEC FINISH OR CTRL-C
     319/     133 : 3E 15               ST0:    MVI  A,UENABL           ;MAKE SURE BEEP IS OFF
     320/     135 : D3 11                       OUT  UARTC              ;WRITE IT TO PORT
     321/     137 : CD 0E 00                    CALL CRLF               ;AND JUMP TO HERE
     322/     13A : 11 03 01                    LXI  D,OK               ;DE->STRING
     323/     13D : 97                          SUB  A                  ;A=0
     324/     13E : CD 21 09                    CALL PRTSTG             ;PRINT STRING UNTIL CR
     325/     141 : 3E 3E               ST3:    MVI  A,'>'              ;PROMPT '>' AND
     326/     143 : CD 14 08                    CALL GETLN              ;READ A LINE
     327/     146 : D5                  GLNRTN: PUSH D                  ;DE->END OF LINE
     328/     147 : 11 36 BF                    LXI  D,BUFFER           ;DE->BEGINNING OF LINE
     329/     14A : CD 8C 00                    CALL TSTNUM             ;TEST IF IT IS A NUMBER
     330/     14D : EF                          RST  5
     331/     14E : 7C                          MOV  A,H                ;HL=VALUE OF THE # OR
     332/     14F : B5                          ORA  L                  ;0 IF NO # WAS FOUND
     333/     150 : C1                          POP  B                  ;BC->END OF LINE
     334/     151 : CA 17 0C                    JZ   DIRECT
     335/     154 : 1B                          DCX  D                  ;BACKUP DE AND SAVE
     336/     155 : 7C                          MOV  A,H                ;VALUE OF LINE # THERE
     337/     156 : 12                          STAX D
     338/     157 : 1B                          DCX  D
     339/     158 : 7D                          MOV  A,L
     340/     159 : 12                          STAX D
     341/     15A : C5                          PUSH B                  ;BC,DE->BEGIN, END
     342/     15B : D5                          PUSH D
     343/     15C : 79                          MOV  A,C
     344/     15D : 93                          SUB  E
     345/     15E : F5                          PUSH PSW                ;A=# OF BYTES IN LINE
     346/     15F : CD F9 08                    CALL FNDLN              ;FIND THIS LINE IN SAVE
     347/     162 : D5                          PUSH D                  ;AREA, DE->SAVE AREA
     348/     163 : C2 76 01                    JNZ  ST4                ;NZ:NOT FOUND, INSERT
     349/     166 : D5                          PUSH D                  ;Z:FOUND, DELETE IT
     350/     167 : CD 15 09                    CALL FNDNXT             ;FIND NEXT LINE
     351/     16A :                                                     ;DE->NEXT LINE
     352/     16A : C1                          POP  B                  ;BC->LINE TO BE DELETED
     353/     16B : 2A 1A 80                    LHLD TXTUNF             ;HL->UNFILLED SAVE AREA
     354/     16E : CD F1 09                    CALL MVUP               ;MOVE UP TO DELETE
     355/     171 : 60                          MOV  H,B                ;TXTUNF->UNFILLED AREA
     356/     172 : 69                          MOV  L,C
     357/     173 : 22 1A 80                    SHLD TXTUNF             ;UPDATE
     358/     176 : C1                  ST4:    POP  B                  ;GET READY TO INSERT
     359/     177 : 2A 1A 80                    LHLD TXTUNF             ;BUT FIRST CHECK IF
     360/     17A : F1                          POP  PSW                ;THE LENGTH OF NEW LINE
     361/     17B : E5                          PUSH H                  ;IS 3 (LINE # AND CR)
     362/     17C : FE 03                       CPI  3                  ;THEN DO NOT INSERT
     363/     17E : CA 2D 01                    JZ   RSTART             ;MUST CLEAR THE STACK
     364/     181 : 85                          ADD  L                  ;COMPUTE NEW TXTUNF
     365/     182 : 6F                          MOV  L,A
     366/     183 : 3E 00                       MVI  A,0
     367/     185 : 8C                          ADC  H
     368/     186 : 67                          MOV  H,A                ;HL->NEW UNFILLED AREA
     369/     187 : 11 00 BF                    LXI  D,TXTEND           ;CHECK TO SEE IF THERE
     370/     18A : E7                          RST  4                  ;IS ENOUGH SPACE
     371/     18B : D4 0D 08                    CNC  QSORRY             ;SORRY, NO ROOM FOR IT
     372/     18E : 22 1A 80                    SHLD TXTUNF             ;OK, UPDATE TXTUNF
     373/     191 : D1                          POP  D                  ;DE->OLD UNFILLED AREA
     374/     192 : CD FA 09                    CALL MVDOWN
     375/     195 : D1                          POP  D                  ;DE->BEGIN, HL->END
     376/     196 : E1                          POP  H
     377/     197 : CD F1 09                    CALL MVUP               ;MOVE NEW LINE TO SAVE
     378/     19A : C3 41 01                    JMP  ST3                ;AREA
     379/     19D :                     ;
     380/     19D :                     ;*************************************************************
     381/     19D :                     ;
     382/     19D :                     ; WHAT FOLLOWS IS THE CODE TO EXECUTE DIRECT AND STATEMENT
     383/     19D :                     ; COMMANDS.  CONTROL IS TRANSFERED TO THESE POINTS VIA THE
     384/     19D :                     ; COMMAND TABLE LOOKUP CODE OF 'DIRECT' AND 'EXEC' IN LAST
     385/     19D :                     ; SECTION.  AFTER THE COMMAND IS EXECUTED, CONTROL IS
     386/     19D :                     ; TRANSFERED TO OTHERS SECTIONS AS FOLLOWS:
     387/     19D :                     ;
     388/     19D :                     ; FOR 'LIST', 'NEW', AND 'STOP': GO BACK TO 'RSTART'
     389/     19D :                     ; FOR 'RUN': GO EXECUTE THE FIRST STORED LINE IF ANY, ELSE
     390/     19D :                     ; GO BACK TO 'RSTART'.
     391/     19D :                     ; FOR 'GOTO' AND 'GOSUB': GO EXECUTE THE TARGET LINE.
     392/     19D :                     ; FOR 'RETURN' AND 'NEXT': GO BACK TO SAVED RETURN LINE.
     393/     19D :                     ; FOR ALL OTHERS: IF 'CURRENT' -> 0, GO TO 'RSTART', ELSE
     394/     19D :                     ; GO EXECUTE NEXT COMMAND.  (THIS IS DONE IN 'FINISH'.)
     395/     19D :                     ;*************************************************************
     396/     19D :                     ;
     397/     19D :                     ; *** NEW *** STOP *** RUN (& FRIENDS) *** & GOTO ***
     398/     19D :                     ;
     399/     19D :                     ; 'NEW(CR)' SETS 'TXTUNF' TO POINT TO 'TXTBGN'
     400/     19D :                     ;
     401/     19D :                     ; 'STOP(CR)' GOES BACK TO 'RSTART'
     402/     19D :                     ;
     403/     19D :                     ; 'RUN(CR)' FINDS THE FIRST STORED LINE, STORE ITS ADDRESS (IN
     404/     19D :                     ; 'CURRENT'), AND START EXECUTE IT.  NOTE THAT ONLY THOSE
     405/     19D :                     ; COMMANDS IN TAB2 ARE LEGAL FOR STORED PROGRAM.
     406/     19D :                     ;
     407/     19D :                     ; THERE ARE 3 MORE ENTRIES IN 'RUN':
     408/     19D :                     ; 'RUNNXL' FINDS NEXT LINE, STORES ITS ADDR. AND EXECUTES IT.
     409/     19D :                     ; 'RUNTSL' STORES THE ADDRESS OF THIS LINE AND EXECUTES IT.
     410/     19D :                     ; 'RUNSML' CONTINUES THE EXECUTION ON SAME LINE.
     411/     19D :                     ;
     412/     19D :                     ; 'GOTO EXPR(CR)' EVALUATES THE EXPRESSION, FIND THE TARGET
     413/     19D :                     ; LINE, AND JUMP TO 'RUNTSL' TO DO IT.
     414/     19D :                     ;
     415/     19D : CD B6 07            NEW:    CALL ENDCHK             ;*** NEW(CR) ***
     416/     1A0 : 21 1C 80                    LXI  H,TXTBGN
     417/     1A3 : 22 1A 80                    SHLD TXTUNF
     418/     1A6 :                     ;
     419/     1A6 : CD B6 07            STOP:   CALL ENDCHK             ;*** STOP(CR) ***
     420/     1A9 : C3 2D 01                    JMP  RSTART
     421/     1AC :                     ;
     422/     1AC : CD B6 07            RUN:    CALL ENDCHK             ;*** RUN(CR) ***
     423/     1AF : AF                          XRA  A                  ;RESET THE
     424/     1B0 : 32 00 80                    STA  RCVCHR             ;RCVD CHAR VAR
     425/     1B3 : 11 1C 80                    LXI  D,TXTBGN           ;FIRST SAVED LINE
     426/     1B6 :                     ;
     427/     1B6 : 21 00 00            RUNNXL: LXI  H,0                ;*** RUNNXL ***
     428/     1B9 : CD 01 09                    CALL FNDLP              ;FIND WHATEVER LINE #
     429/     1BC : DA 2D 01                    JC   RSTART             ;C:PASSED TXTUNF, QUIT
     430/     1BF :                     ;
     431/     1BF : EB                  RUNTSL: XCHG                    ;*** RUNTSL ***
     432/     1C0 : 22 06 80                    SHLD CURRNT             ;SET 'CURRENT'->LINE #
     433/     1C3 : EB                          XCHG
     434/     1C4 : 13                          INX  D                  ;BUMP PASS LINE #
     435/     1C5 : 13                          INX  D
     436/     1C6 :                     ;
     437/     1C6 : CD E6 0A            RUNSML: CALL CHKIO              ;*** RUNSML ***
     438/     1C9 : CA CF 01                    JZ   RUNS1              ;NO CHARACTER, JUMP
     439/     1CC : 32 00 80                    STA  RCVCHR             ;ELSE STORE IT
     440/     1CF : 21 1C 0B            RUNS1:  LXI  H,TAB2-1           ;FIND COMMAND IN TAB2
     441/     1D2 : C3 1A 0C                    JMP  EXEC               ;AND EXECUTE IT
     442/     1D5 :                     ;
     443/     1D5 : DF                  GOTO:   RST  3                  ;*** GOTO EXPR ***
     444/     1D6 : D5                          PUSH D                  ;SAVE FOR ERROR ROUTINE
     445/     1D7 : CD B6 07                    CALL ENDCHK             ;MUST FIND A CR
     446/     1DA : CD F9 08                    CALL FNDLN              ;FIND THE TARGET LINE
     447/     1DD : C4 F9 00                    CNZ  AHOW               ;NO SUCH LINE #
     448/     1E0 : F1                          POP  PSW                ;CLEAR THE PUSH DE
     449/     1E1 : C3 BF 01                    JMP  RUNTSL             ;GO DO IT
     450/     1E4 :                     ;
     451/     1E4 : 2A 1A 80            SAVE:   LHLD TXTUNF             ;*** SAVE PGM ***
     452/     1E7 : 01 1C 80                    LXI  B,TXTBGN           ;CALC ACTUAL LENGTH
     453/     1EA : (MACRO)                     DSUB                    ;USING TXTUNF-TXTBGN
     453/     1EA : 08                          DB    08H
     454/     1EB : 11 02 00                    LXI  D,2                ;HL IS NOW LENGTH OF PGM
     455/     1EE : 19                          DAD  D                  ;ADD TWO FOR LEN ITSELF
     456/     1EF : EB                          XCHG                    ;PUT IT IN DE
     457/     1F0 : 01 02 00                    LXI  B,EESTRT+2         ;BC IS START IN EEPROM
     458/     1F3 : 21 1A 80                    LXI  H,TXTUNF           ;START SAVING AT LENGTH
     459/     1F6 : CD EE 0C                    CALL EEWR               ;WRITE TO EEPROM
     460/     1F9 : C3 2D 01                    JMP  RSTART
     461/     1FC :                     ;
     462/     1FC : CD 02 02            LOAD:   CALL LD0                ;*** LOAD PGM ***
     463/     1FF : C3 2D 01                    JMP  RSTART
     464/     202 :                     ;
     465/     202 : 01 02 00            LD0:    LXI  B,EESTRT+2         ;START ADR IN EEPROM
     466/     205 : 11 02 00                    LXI  D,2                ;FIND THE LEN IN EEPROM
     467/     208 : 21 1A 80                    LXI  H,TXTUNF           ;STORE TEMPORARY
     468/     20B : CD 92 0C                    CALL EERD               ;READ EEPROM
     469/     20E : 2A 1A 80                    LHLD TXTUNF             ;GET THE LENGTH VARIABLE
     470/     211 : 01 1C 80                    LXI  B,TXTBGN           ;CALC ACTUAL LENGTH
     471/     214 : (MACRO)                     DSUB                    ;USING TXTUNF-TXTBGN
     471/     214 : 08                          DB    08H
     472/     215 : EB                          XCHG                    ;CHECK THAT LENGTH IS
     473/     216 : 21 E4 3E                    LXI  H,VARBGN-TXTBGN    ;LESS THAN AVAILABLE
     474/     219 : E7                          RST  4                  ;COMPARE HL - DE
     475/     21A : D2 26 02                    JNC  LD1                ;NO CARRY = WILL FIT
     476/     21D : 21 1C 80                    LXI  H,TXTBGN           ;ELSE REINIT TEXT PTR
     477/     220 : 22 1A 80                    SHLD TXTUNF             ;BECAUSE READ LENGTH
     478/     223 : CD 0D 08                    CALL QSORRY             ;WILL NOT FIT RAM
     479/     226 : 01 04 00            LD1:    LXI  B,EESTRT+4         ;OK READ EERPOM
     480/     229 : 21 1C 80                    LXI  H,TXTBGN           ;TO TEXT AREA
     481/     22C : CD 92 0C                    CALL EERD
     482/     22F : C9                          RET
     483/     230 :                     ;
     484/     230 : D5                  EDIT:   PUSH D                  ;SAVE PTR FOR THE ASCII NUM
     485/     231 : CD 8C 00                    CALL TSTNUM             ;LOOK FOR A LINE NUMBER
     486/     234 : 7D                          MOV  A,L                ;RETURN ZERO (HL) IF NO NUM
     487/     235 : B4                          ORA  H                  ;CHECK FOR ABSENCE OF NUM
     488/     236 : CC F9 00                    CZ   AHOW               ;THEN ASK HOW?
     489/     239 : CD B6 07                    CALL ENDCHK             ;MAKE SURE NO GARBAGE
     490/     23C : CD F9 08                    CALL FNDLN              ;RETURN LINE PTR IN (DE)
     491/     23F : DA 2D 01                    JC   RSTART             ;OR, NO SUCH LINE
     492/     242 : E1                          POP  H                  ;GET PTR TO ASCII BACK
     493/     243 : EB                          XCHG                    ;SWAP WITH LINE PTR
     494/     244 : EF                          RST  5                  ;SKIP BLANKS TO NUMBER
     495/     245 : 01 36 BF                    LXI  B,BUFFER           ;START FILL INPUT BUFFER
     496/     248 : 1A                  ED1:    LDAX D                  ;PULL ASCII NUMBER CHARS
     497/     249 : FE 0D                       CPI  CR                 ;UNTIL 'CR' FOUND
     498/     24B : CA 54 02                    JZ   ED2
     499/     24E : 02                          STAX B                  ;MOVE NUMBER TO BUF START
     500/     24F : 13                          INX  D                  ;BUMP POINTERS
     501/     250 : 03                          INX  B                  ;AND CONTINUE
     502/     251 : C3 48 02                    JMP  ED1
     503/     254 : 3E 20               ED2:    MVI  A,' '              ;INSERT A SPACE AFTER
     504/     256 : 02                          STAX B                  ;THE LINE NUMBER
     505/     257 : 23                          INX  H                  ;BUMP PAST THE INTEGER
     506/     258 : 23                  ED3:    INX  H                  ;LINE NUMBER IN MEMORY
     507/     259 : 03                          INX  B
     508/     25A : 7E                          MOV  A,M                ;PULL REST OF LINE
     509/     25B : 02                          STAX B                  ;COPY TO INPUT BUF
     510/     25C : FE 0D                       CPI  CR                 ;UNTIL AND INCLUDING 'CR'
     511/     25E : C2 58 02                    JNZ  ED3
     512/     261 : 11 36 BF                    LXI  D,BUFFER           ;BEGIN AT BUFFER START
     513/     264 : 3E 0D                       MVI  A,CR               ;STOP WHEN 'CR' FOUND
     514/     266 : CD 21 09                    CALL PRTSTG             ;PRINT BUFFER
     515/     269 : 1B                          DCX  D                  ;BACK UP, POINT TO CR
     516/     26A : 21 46 01                    LXI  H,GLNRTN           ;FIND RETURN ADDR
     517/     26D : E5                          PUSH H                  ;AND PUT IT ON STACK
     518/     26E : C3 18 08                    JMP  EDITLN             ;GOTO GETLINE FOR EDIT
     519/     271 :                     ;
     520/     271 : 21 94 0D            HELP:   LXI  H,MSGHLP           ;*** SHORT HELP ***
     521/     274 : C3 7A 02                    JMP  MA1                ;PRINT THE TEXT UNTIL NULL
     522/     277 :                     ;
     523/     277 : 21 0A 0F            MAN:    LXI  H,MSGMAN           ;*** MANUAL ***
     524/     27A : CD C4 0A            MA1:    CALL PSTR               ;PRINT THE TEXT UNTIL NULL
     525/     27D : C3 2D 01                    JMP  RSTART
     526/     280 :                     ;
     527/     280 :                     ;*************************************************************
     528/     280 :                     ;
     529/     280 :                     ; *** LIST *** & PRINT *** ETC. ***
     530/     280 :                     ;
     531/     280 :                     ; LIST HAS TWO FORMS:
     532/     280 :                     ; 'LIST(CR)' LISTS ALL SAVED LINES
     533/     280 :                     ; 'LIST #(CR)' START LIST AT THIS LINE #
     534/     280 :                     ; YOU CAN STOP THE LISTING BY CONTROL C KEY
     535/     280 :                     ;
     536/     280 :                     ; PRINT COMMAND IS 'PRINT ....:' OR 'PRINT ....(CR)'
     537/     280 :                     ; WHERE '....' IS A LIST OF EXPRESIONS, FORMATS, BACK-
     538/     280 :                     ; ARROWS, AND STRINGS.  THESE ITEMS ARE SEPERATED BY COMMAS.
     539/     280 :                     ;
     540/     280 :                     ; A FORMAT IS A POUND SIGN FOLLOWED BY A NUMBER.  IT CONTROLS
     541/     280 :                     ; THE NUMBER OF SPACES THE VALUE OF A EXPRESION IS GOING TO
     542/     280 :                     ; BE PRINTED.  IT STAYS EFFECTIVE FOR THE REST OF THE PRINT
     543/     280 :                     ; COMMAND UNLESS CHANGED BY ANOTHER FORMAT.  IF NO FORMAT IS
     544/     280 :                     ; SPECIFIED, 6 POSITIONS WILL BE USED.
     545/     280 :                     ;
     546/     280 :                     ; A STRING IS QUOTED IN A PAIR OF SINGLE QUOTES OR A PAIR OF
     547/     280 :                     ; DOUBLE QUOTES.
     548/     280 :                     ;
     549/     280 :                     ; A BACK-SLASH MEANS PRINT THE ASCII CHAR OF FOLLOWING NUMBER.
     550/     280 :                     ;
     551/     280 :                     ; A (CRLF) IS GENERATED AFTER THE ENTIRE LIST HAS BEEN
     552/     280 :                     ; PRINTED OR IF THE LIST IS A NULL LIST.  HOWEVER IF THE LIST
     553/     280 :                     ; ENDED WITH A COMMA, NO (CRLF) IS GENERATED.
     554/     280 :                     ;
     555/     280 : CD 8C 00            LIST:   CALL TSTNUM             ;TEST IF THERE IS A #
     556/     283 : CD B6 07                    CALL ENDCHK             ;IF NO # WE GET A 0
     557/     286 : CD F9 08                    CALL FNDLN              ;FIND THIS OR NEXT LINE
     558/     289 : DA 2D 01            LS1:    JC   RSTART             ;C:PASSED TXTUNF
     559/     28C : CD AB 09                    CALL PRTLN              ;PRINT THE LINE
     560/     28F : CD E6 0A                    CALL CHKIO              ;STOP IF HIT CONTROL-C
     561/     292 : CD 01 09                    CALL FNDLP              ;FIND NEXT LINE
     562/     295 : C3 89 02                    JMP  LS1                ;AND LOOP BACK
     563/     298 :                     ;
     564/     298 : 0E 06               PRINT:  MVI  C,6                ;C = # OF SPACES
     565/     29A : CF                          RST  1                  ;IF NULL LIST & ":"
     566/     29B : 3A                          DB   ':'
     567/     29C : 06                          DB   PR2-$-1
     568/     29D : CD 0E 00                    CALL CRLF               ;GIVE CR-LF AND
     569/     2A0 : C3 C6 01                    JMP  RUNSML             ;CONTINUE SAME LINE
     570/     2A3 : CF                  PR2:    RST  1                  ;IF NULL LIST (CR)
     571/     2A4 : 0D                          DB   CR
     572/     2A5 : 06                          DB   PR0-$-1
     573/     2A6 : CD 0E 00                    CALL CRLF               ;ALSO GIVE CR-LF AND
     574/     2A9 : C3 B6 01                    JMP  RUNNXL             ;GO TO NEXT LINE
     575/     2AC : CF                  PR0:    RST  1                  ;ELSE IS IT FORMAT?
     576/     2AD : 23                          DB   '#'
     577/     2AE : 05                          DB   PR4-$-1
     578/     2AF : DF                          RST  3                  ;YES, EVALUATE EXPR.
     579/     2B0 : 4D                          MOV  C,L                ;AND SAVE IT IN C
     580/     2B1 : C3 C5 02                    JMP  PR3                ;LOOK FOR MORE TO PRINT
     581/     2B4 : CF                  PR4:    RST  1                  ;ELSE IS IT HEXADECIMAL?
     582/     2B5 : 24                          DB   '$'
     583/     2B6 : 08                          DB   PR1-$-1
     584/     2B7 : DF                          RST  3                  ;YES, EVALUATE EXPR.
     585/     2B8 : 7D                          MOV  A,L                ;HEXADECIMAL FORMAT
     586/     2B9 : 2F                          CMA                     ;CHANGE SIGN
     587/     2BA : 3C                          INR  A                  ;AS A FLAG
     588/     2BB : 4F                          MOV  C,A
     589/     2BC : C3 C5 02                    JMP  PR3                ;LOOK FOR MORE TO PRINT
     590/     2BF : CD 2D 09            PR1:    CALL QTSTG              ;OR IS IT A STRING?
     591/     2C2 : C3 D2 02                    JMP  PR8                ;IF NOT, MUST BE EXPR.
     592/     2C5 : CF                  PR3:    RST  1                  ;IF ",", GO FIND NEXT
     593/     2C6 : 2C                          DB   ','
     594/     2C7 : 06                          DB   PR6-$-1
     595/     2C8 : CD A7 07                    CALL FIN                ;IN THE LIST.
     596/     2CB : C3 AC 02                    JMP  PR0                ;LIST CONTINUES
     597/     2CE : CD 0E 00            PR6:    CALL CRLF               ;LIST ENDS
     598/     2D1 : F7                          RST  6
     599/     2D2 : DF                  PR8:    RST  3                  ;EVALUATE THE EXPR
     600/     2D3 : C5                          PUSH B
     601/     2D4 : CD 66 09                    CALL PRTNUM             ;PRINT THE VALUE
     602/     2D7 : C1                          POP  B
     603/     2D8 : C3 C5 02                    JMP  PR3                ;MORE TO PRINT?
     604/     2DB :                     ;
     605/     2DB : FF                  PUTC:   RST  7                  ;*** PUTC(EXPR) ***
     606/     2DC : 7C                          MOV  A,H
     607/     2DD : B7                          ORA  A                  ;CHECK HL < 256
     608/     2DE : C4 FC 00                    CNZ  QHOW               ;ELSE CAN'T PRINT CHAR
     609/     2E1 : DB 11               PC1:    IN   UARTC              ;COME HERE TO DO OUTPUT
     610/     2E3 : E6 01                       ANI  1H                 ;STATUS BIT
     611/     2E5 : CA E1 02                    JZ   PC1                ;NOT READY, WAIT
     612/     2E8 : 7D                          MOV  A,L                ;READY, GET CHAR
     613/     2E9 : D3 10                       OUT  UARTD              ;AND SEND IT OUT
     614/     2EB : F7                          RST  6
     615/     2EC :                     ;
     616/     2EC : FF                  WAIT:   RST  7                  ;*** WAIT(EXPR) ***
     617/     2ED : C3 F5 02                    JMP  BP0                ;SAME AS BEEP BUT NO SOUND
     618/     2F0 :                     ;
     619/     2F0 : FF                  BEEP:   RST  7                  ;*** BEEP(EXPR) ***
     620/     2F1 : 3E 35                       MVI  A,UENABL+URTS      ;BITPATTERN FOR BEEP ON
     621/     2F3 : D3 11                       OUT  UARTC              ;WRITE IT TO PORT
     622/     2F5 : EB                  BP0:    XCHG                    ;ARG TO DE AND TXPTR TO HL
     623/     2F6 : E5                          PUSH H                  ;SAVE TXTPTR
     624/     2F7 : CD F7 06                    CALL TCNT               ;GET A START TIMESTAMP
     625/     2FA : 44                          MOV  B,H                ;TRANSFER START
     626/     2FB : 4D                          MOV  C,L                ;TIMESTAMP TO BC
     627/     2FC : CD E6 0A            BP1:    CALL CHKIO              ;ACCEPT CTRL-C TO QUIT
     628/     2FF : CA 05 03                    JZ   BP2                ;JUMP IF NO CHAR RCVD
     629/     302 : 32 00 80                    STA  RCVCHR             ;ELSE STORE IT FOR GETC
     630/     305 : CD F7 06            BP2:    CALL TCNT               ;GET NEW TIMESTAMP
     631/     308 : (MACRO)                     DSUB                    ;SUBTRACT ORIG STAMP IN BC
     631/     308 : 08                          DB    08H
     632/     309 : E7                          RST  4                  ;CMPR WITH ARGUMENT IN DE
     633/     30A : DA FC 02                    JC   BP1                ;CARRY LESS THAN ARGUMENT
     634/     30D : 3E 15                       MVI  A,UENABL           ;BITPATTERN FOR BEEP OFF
     635/     30F : D3 11                       OUT  UARTC              ;WRITE IT TO PORT
     636/     311 : D1                          POP  D                  ;RESTORE TXTPTR
     637/     312 : F7                          RST  6
     638/     313 :                     ;
     639/     313 : FF                  XTAL:   RST  7                  ;*** XTAL(EXPR) ***
     640/     314 : D5                          PUSH D                  ;USE DE TO CHECK MAX AND MIN
     641/     315 : 11 CE 4C                    LXI  D,19662            ;DOUBLE XTAL OF 8085-2 CHIP
     642/     318 : E7                          RST  4                  ;COMPARE HL - DE
     643/     319 : D4 F9 00                    CNC  AHOW               ;NUMBER TOO LARGE
     644/     31C : 11 00 06                    LXI  D,1536             ;ONE 4TH OF NOMINAL XTAL
     645/     31F : E7                          RST  4                  ;COMPARE AGAIN
     646/     320 : DC F9 00                    CC   AHOW               ;NUMBER TOO SMALL
     647/     323 : D1                          POP  D                  ;RESTORE TXT PTR
     648/     324 : CD 67 03                    CALL SETXTL             ;USE DEDICATED SUB ROUTINE
     649/     327 : F7                          RST  6
     650/     328 :                     ;
     651/     328 : AF                  SIGNED: XRA  A                  ;SET SIGNED OPERATION
     652/     329 : 32 03 80                    STA  USIGNF
     653/     32C : F7                          RST  6
     654/     32D :                     ;
     655/     32D : 3E 01               UNSIGN: MVI  A,1                ;SET UNSIGNED OPERATION
     656/     32F : 32 03 80                    STA  USIGNF
     657/     332 : F7                          RST  6
     658/     333 :                     ;
     659/     333 : FF                  POUT:   RST  7                  ;GET FIRST ARGUMENT (ADDR)
     660/     334 : 7C                          MOV  A,H                ;HI BYTE OF ARGUMENT
     661/     335 : B7                          ORA  A                  ;MUST BE ZERO
     662/     336 : C4 FC 00                    CNZ  QHOW               ;ELSE CAN'T CONTINUTE
     663/     339 : E5                          PUSH H                  ;SAVE IT
     664/     33A : CD BD 07                    CALL SKPCOM             ;COMMA MAY SEPARATE ARGS
     665/     33D : FF                          RST  7                  ;GET NEXT ARGUMENT (VALUE)
     666/     33E : E3                          XTHL                    ;SWAP VAL TO STK, ADDR TO HL
     667/     33F : 7D                          MOV  A,L                ;LOW BYTE IS THE IO ADDR
     668/     340 : B7                          ORA  A                  ;IS IT ADDR 0? (8155 CMDREG)
     669/     341 : 2A 1A 80                    LHLD TXTUNF             ;POINT AT MEM.LOC AFTER PGM
     670/     344 : 36 D3                       MVI  M,0D3H             ;PLACE THE "OUT" INSTRUCTION
     671/     346 : 23                          INX  H                  ;NEXT LOCATION
     672/     347 : 77                          MOV  M,A                ;PLACE THE OUT PORT NUMBER
     673/     348 : 23                          INX  H                  ;NEXT LOCATION
     674/     349 : 36 C9                       MVI  M,0C9H             ;PLACE THE "RET" INSTRUCTION
     675/     34B : E1                          POP  H                  ;POP BACK THE VALUE ARGUMENT
     676/     34C : 7D                          MOV  A,L                ;OUT INSTR.ONLY USE LOW BYTE
     677/     34D : C2 53 03                    JNZ  POU1               ;JUMP/SKIP SAVE IF NOT ZERO
     678/     350 : 32 02 80                    STA  PCMCPY             ;SAVE CTRLBYTE IN SHADOW REG
     679/     353 : CD ED 06            POU1:   CALL RAMEXC             ;CALL SUBROUTINE IN RAM
     680/     356 : F7                          RST  6
     681/     357 :                     ;
     682/     357 : FF                  SOD:    RST  7                  ;GET ARGUMENT (DATA)
     683/     358 : 7D                          MOV  A,L                ;GET LO BYTE
     684/     359 : CD 3C 0C                    CALL SDOUT              ;AND SEND IT
     685/     35C : F7                          RST  6
     686/     35D :                     ;
     687/     35D : FF                  POKE:   RST  7                  ;GET FIRST ARGUMENT (ADDR)
     688/     35E : E5                          PUSH H                  ;SAVE IT
     689/     35F : CD BD 07                    CALL SKPCOM             ;COMMA MAY SEPARATE ARGS
     690/     362 : FF                          RST  7                  ;GET NEXT ARGUMENT (VALUE)
     691/     363 : 7D                          MOV  A,L                ;VALUE LOW BYTE TO ACC
     692/     364 : E1                          POP  H                  ;RESTORE ADDRESS
     693/     365 : 77                          MOV  M,A                ;COPY TO MEM LOC.(HL)
     694/     366 : F7                          RST  6
     695/     367 :                     ;
     696/     367 : (MACRO)             SETXTL: ARHL                    ;DIV BY 2 TO GET TIMER COUNT
     696/     367 : 10                          DB    10H
     697/     368 : 7D                          MOV  A,L                ;LOW BYTE OF COUNT
     698/     369 : D3 04                       OUT  PTIML              ;SEND TO TIMER LOW REGISTER
     699/     36B : 7C                          MOV  A,H                ;COUNTER IN 8155 IS 14 BIT
     700/     36C : E6 3F                       ANI  3FH                ;MAKE SURE BITS 6,7 ARE ZERO
     701/     36E : F6 40                       ORI  40H                ;SET MODE CONT. SQUARE WAVE
     702/     370 : D3 05                       OUT  PTIMH              ;SEND TO TIMER HI REGISTER
     703/     372 : 3A 02 80                    LDA  PCMCPY             ;GET THE PORT COMMAND SHADOW
     704/     375 : E6 0F                       ANI  0FH                ;REMOVE ANY UNWANTED CFGBITS
     705/     377 : F6 C0                       ORI  0C0H               ;ISSUE START COMMAND
     706/     379 : D3 00                       OUT  PCMD               ;SEND TO 8155 CONFIG REG
     707/     37B : C9                          RET
     708/     37C :                     ;
     709/     37C :                     ;*************************************************************
     710/     37C :                     ;
     711/     37C :                     ; *** GOSUB *** & RETURN ***
     712/     37C :                     ;
     713/     37C :                     ; 'GOSUB EXPR;' OR 'GOSUB EXPR (CR)' IS LIKE THE 'GOTO'
     714/     37C :                     ; COMMAND, EXCEPT THAT THE CURRENT TEXT POINTER, STACK POINTER
     715/     37C :                     ; ETC. ARE SAVE SO THAT EXECUTION CAN BE CONTINUED AFTER THE
     716/     37C :                     ; SUBROUTINE 'RETURN'.  IN ORDER THAT 'GOSUB' CAN BE NESTED
     717/     37C :                     ; (AND EVEN RECURSIVE), THE SAVE AREA MUST BE STACKED.
     718/     37C :                     ; THE STACK POINTER IS SAVED IN 'STKGOS', THE OLD 'STKGOS' IS
     719/     37C :                     ; SAVED IN THE STACK.  IF WE ARE IN THE MAIN ROUTINE, 'STKGOS'
     720/     37C :                     ; IS ZERO (THIS WAS DONE BY THE "MAIN" SECTION OF THE CODE),
     721/     37C :                     ; BUT WE STILL SAVE IT AS A FLAG FOR NO FURTHER 'RETURN'S.
     722/     37C :                     ;
     723/     37C :                     ; 'RETURN(CR)' UNDOS EVERYTHING THAT 'GOSUB' DID, AND THUS
     724/     37C :                     ; RETURN THE EXECUTION TO THE COMMAND AFTER THE MOST RECENT
     725/     37C :                     ; 'GOSUB'.  IF 'STKGOS' IS ZERO, IT INDICATES THAT WE
     726/     37C :                     ; NEVER HAD A 'GOSUB' AND IS THUS AN ERROR.
     727/     37C :                     ;
     728/     37C : CD 25 0A            GOSUB:  CALL PUSHA              ;SAVE THE CURRENT "FOR"
     729/     37F : DF                          RST  3                  ;PARAMETERS
     730/     380 : D5                          PUSH D                  ;AND TEXT POINTER
     731/     381 : CD F9 08                    CALL FNDLN              ;FIND THE TARGET LINE
     732/     384 : C4 F9 00                    CNZ  AHOW               ;NOT THERE. SAY "HOW?"
     733/     387 : 2A 06 80                    LHLD CURRNT             ;FOUND IT, SAVE OLD
     734/     38A : E5                          PUSH H                  ;'CURRNT' OLD 'STKGOS'
     735/     38B : 2A 08 80                    LHLD STKGOS
     736/     38E : E5                          PUSH H
     737/     38F : 21 00 00                    LXI  H,0                ;AND LOAD NEW ONES
     738/     392 : 22 0E 80                    SHLD LOPVAR
     739/     395 : 39                          DAD  SP
     740/     396 : 22 08 80                    SHLD STKGOS
     741/     399 : C3 BF 01                    JMP  RUNTSL             ;THEN RUN THAT LINE
     742/     39C : CD B6 07            RETURN: CALL ENDCHK             ;THERE MUST BE A CR
     743/     39F : 2A 08 80                    LHLD STKGOS             ;OLD STACK POINTER
     744/     3A2 : 7C                          MOV  A,H                ;0 MEANS NOT EXIST
     745/     3A3 : B5                          ORA  L
     746/     3A4 : CC C6 07                    CZ   QWHAT              ;SO, WE SAY: "WHAT?"
     747/     3A7 : F9                          SPHL                    ;ELSE, RESTORE IT
     748/     3A8 : E1                          POP  H
     749/     3A9 : 22 08 80                    SHLD STKGOS             ;AND THE OLD 'STKGOS'
     750/     3AC : E1                          POP  H
     751/     3AD : 22 06 80                    SHLD CURRNT             ;AND THE OLD 'CURRNT'
     752/     3B0 : D1                          POP  D                  ;OLD TEXT POINTER
     753/     3B1 : CD 09 0A                    CALL POPA               ;OLD "FOR" PARAMETERS
     754/     3B4 : F7                          RST  6                  ;AND WE ARE BACK HOME
     755/     3B5 :                     ;
     756/     3B5 :                     ;*************************************************************
     757/     3B5 :                     ;
     758/     3B5 :                     ; *** FOR *** & NEXT ***
     759/     3B5 :                     ;
     760/     3B5 :                     ; 'FOR' HAS TWO FORMS:
     761/     3B5 :                     ; 'FOR VAR=EXP1 TO EXP2 STEP EXP3' AND 'FOR VAR=EXP1 TO EXP2'
     762/     3B5 :                     ; THE SECOND FORM MEANS THE SAME THING AS THE FIRST FORM WITH
     763/     3B5 :                     ; EXP3=1.  (I.E., WITH A STEP OF +1.)
     764/     3B5 :                     ; TBI WILL FIND THE VARIABLE VAR, AND SET ITS VALUE TO THE
     765/     3B5 :                     ; CURRENT VALUE OF EXP1.  IT ALSO EVALUATES EXP2 AND EXP3
     766/     3B5 :                     ; AND SAVE ALL THESE TOGETHER WITH THE TEXT POINTER ETC. IN
     767/     3B5 :                     ; THE 'FOR' SAVE AREA, WHICH CONSISTS OF 'LOPVAR', 'LOPINC',
     768/     3B5 :                     ; 'LOPLMT', 'LOPLN', AND 'LOPPT'.  IF THERE IS ALREADY SOME-
     769/     3B5 :                     ; THING IN THE SAVE AREA (THIS IS INDICATED BY A NON-ZERO
     770/     3B5 :                     ; 'LOPVAR'), THEN THE OLD SAVE AREA IS SAVED IN THE STACK
     771/     3B5 :                     ; BEFORE THE NEW ONE OVERWRITES IT.
     772/     3B5 :                     ; TBI WILL THEN DIG IN THE STACK AND FIND OUT IF THIS SAME
     773/     3B5 :                     ; VARIABLE WAS USED IN ANOTHER CURRENTLY ACTIVE 'FOR' LOOP.
     774/     3B5 :                     ; IF THAT IS THE CASE, THEN THE OLD 'FOR' LOOP IS DEACTIVATED.
     775/     3B5 :                     ; (PURGED FROM THE STACK..)
     776/     3B5 :                     ;
     777/     3B5 :                     ; 'NEXT VAR' SERVES AS THE LOGICAL (NOT NECESSARILLY PHYSICAL)
     778/     3B5 :                     ; END OF THE 'FOR' LOOP.  THE CONTROL VARIABLE VAR. IS CHECKED
     779/     3B5 :                     ; WITH THE 'LOPVAR'.  IF THEY ARE NOT THE SAME, TBI DIGS IN
     780/     3B5 :                     ; THE STACK TO FIND THE RIGHT ONE AND PURGES ALL THOSE THAT
     781/     3B5 :                     ; DID NOT MATCH.  EITHER WAY, TBI THEN ADDS THE 'STEP' TO
     782/     3B5 :                     ; THAT VARIABLE AND CHECK THE RESULT WITH THE LIMIT.  IF IT
     783/     3B5 :                     ; IS WITHIN THE LIMIT, CONTROL LOOPS BACK TO THE COMMAND
     784/     3B5 :                     ; FOLLOWING THE 'FOR'.  IF OUTSIDE THE LIMIT, THE SAVE AREA
     785/     3B5 :                     ; IS PURGED AND EXECUTION CONTINUES.
     786/     3B5 :                     ;
     787/     3B5 : CD 25 0A            FOR:    CALL PUSHA              ;SAVE THE OLD SAVE AREA
     788/     3B8 : CD 92 07                    CALL SETVAL             ;SET THE CONTROL VAR.
     789/     3BB : 2B                          DCX  H                  ;HL IS ITS ADDRESS
     790/     3BC : 22 0E 80                    SHLD LOPVAR             ;SAVE THAT
     791/     3BF : 21 DB 0B                    LXI  H,TAB5-1           ;USE 'EXEC' TO LOOK
     792/     3C2 : C3 1A 0C                    JMP  EXEC               ;FOR THE WORD 'TO'
     793/     3C5 : DF                  FR1:    RST  3                  ;EVALUATE THE LIMIT
     794/     3C6 : 22 12 80                    SHLD LOPLMT             ;SAVE THAT
     795/     3C9 : 21 E1 0B                    LXI  H,TAB6-1           ;USE 'EXEC' TO LOOK
     796/     3CC : C3 1A 0C                    JMP EXEC                ;FOR THE WORD 'STEP'
     797/     3CF : DF                  FR2:    RST  3                  ;FOUND IT, GET STEP
     798/     3D0 : C3 D6 03                    JMP  FR4
     799/     3D3 : 21 01 00            FR3:    LXI  H,1H               ;NOT FOUND, SET TO 1
     800/     3D6 : 22 10 80            FR4:    SHLD LOPINC             ;SAVE THAT TOO
     801/     3D9 : 2A 06 80            FR5:    LHLD CURRNT             ;SAVE CURRENT LINE #
     802/     3DC : 22 14 80                    SHLD LOPLN
     803/     3DF : EB                          XCHG                    ;AND TEXT POINTER
     804/     3E0 : 22 16 80                    SHLD LOPPT
     805/     3E3 : 01 0A 00                    LXI  B,0AH              ;DIG INTO STACK TO
     806/     3E6 : 2A 0E 80                    LHLD LOPVAR             ;FIND 'LOPVAR'
     807/     3E9 : EB                          XCHG
     808/     3EA : 60                          MOV  H,B
     809/     3EB : 68                          MOV  L,B                ;HL=0 NOW
     810/     3EC : 39                          DAD  SP                 ;HERE IS THE STACK
     811/     3ED : 3E                          DB   3EH
     812/     3EE : 09                  FR7:    DAD  B                  ;EACH LEVEL IS 10 DEEP
     813/     3EF : 7E                          MOV  A,M                ;GET THAT OLD 'LOPVAR'
     814/     3F0 : 23                          INX  H
     815/     3F1 : B6                          ORA  M
     816/     3F2 : CA 0F 04                    JZ   FR8                ;0 SAYS NO MORE IN IT
     817/     3F5 : 7E                          MOV  A,M
     818/     3F6 : 2B                          DCX  H
     819/     3F7 : BA                          CMP  D                  ;SAME AS THIS ONE?
     820/     3F8 : C2 EE 03                    JNZ  FR7
     821/     3FB : 7E                          MOV  A,M                ;THE OTHER HALF?
     822/     3FC : BB                          CMP  E
     823/     3FD : C2 EE 03                    JNZ  FR7
     824/     400 : EB                          XCHG                    ;YES, FOUND ONE
     825/     401 : 21 00 00                    LXI  H,0H
     826/     404 : 39                          DAD  SP                 ;TRY TO MOVE SP
     827/     405 : 44                          MOV  B,H
     828/     406 : 4D                          MOV  C,L
     829/     407 : 21 0A 00                    LXI  H,0AH
     830/     40A : 19                          DAD  D
     831/     40B : CD FA 09                    CALL MVDOWN             ;AND PURGE 10 WORDS
     832/     40E : F9                          SPHL                    ;IN THE STACK
     833/     40F : 2A 16 80            FR8:    LHLD LOPPT              ;JOB DONE, RESTORE DE
     834/     412 : EB                          XCHG
     835/     413 : F7                          RST  6                  ;AND CONTINUE
     836/     414 : CD C6 07            FR9:    CALL QWHAT
     837/     417 :                     ;
     838/     417 : CD 4D 00            NEXT:   CALL TSTV               ;GET ADDRESS OF VAR.
     839/     41A : DC C6 07                    CC   QWHAT              ;NO VARIABLE, "WHAT?"
     840/     41D : 22 0A 80                    SHLD VARNXT             ;YES, SAVE IT
     841/     420 : D5                  NX0:    PUSH D                  ;SAVE TEXT POINTER
     842/     421 : EB                          XCHG
     843/     422 : 2A 0E 80                    LHLD LOPVAR             ;GET VAR. IN 'FOR'
     844/     425 : 7C                          MOV  A,H
     845/     426 : B5                          ORA  L                  ;0 SAYS NEVER HAD ONE
     846/     427 : CC C3 07                    CZ   AWHAT              ;SO WE ASK: "WHAT?"
     847/     42A : E7                          RST  4                  ;ELSE WE CHECK THEM
     848/     42B : CA 38 04                    JZ   NX3                ;OK, THEY AGREE
     849/     42E : D1                          POP  D                  ;NO, LET'S SEE
     850/     42F : CD 09 0A                    CALL POPA               ;PURGE CURRENT LOOP
     851/     432 : 2A 0A 80                    LHLD VARNXT             ;AND POP ONE LEVEL
     852/     435 : C3 20 04                    JMP  NX0                ;GO CHECK AGAIN
     853/     438 : 5E                  NX3:    MOV  E,M                ;COME HERE WHEN AGREED
     854/     439 : 23                          INX  H
     855/     43A : 56                          MOV  D,M                ;DE=VALUE OF VAR.
     856/     43B : 2A 10 80                    LHLD LOPINC
     857/     43E : E5                          PUSH H
     858/     43F : 7C                          MOV  A,H
     859/     440 : AA                          XRA  D
     860/     441 : 7A                          MOV  A,D
     861/     442 : 19                          DAD  D                  ;ADD ONE STEP
     862/     443 : FA 4A 04                    JM   NX4
     863/     446 : AC                          XRA  H
     864/     447 : FA 6C 04                    JM   NX5
     865/     44A : EB                  NX4:    XCHG
     866/     44B : 2A 0E 80                    LHLD LOPVAR             ;PUT IT BACK
     867/     44E : 73                          MOV  M,E
     868/     44F : 23                          INX  H
     869/     450 : 72                          MOV  M,D
     870/     451 : 2A 12 80                    LHLD LOPLMT             ;HL->LIMIT
     871/     454 : F1                          POP  PSW                ;OLD HL
     872/     455 : B7                          ORA  A
     873/     456 : F2 5A 04                    JP   NX1                ;STEP > 0
     874/     459 : EB                          XCHG                    ;STEP < 0
     875/     45A : CD 83 07            NX1:    CALL CKHLDE             ;COMPARE WITH LIMIT
     876/     45D : D1                          POP  D                  ;RESTORE TEXT POINTER
     877/     45E : DA 6E 04                    JC   NX2                ;OUTSIDE LIMIT
     878/     461 : 2A 14 80                    LHLD LOPLN              ;WITHIN LIMIT, GO
     879/     464 : 22 06 80                    SHLD CURRNT             ;BACK TO THE SAVED
     880/     467 : 2A 16 80                    LHLD LOPPT              ;'CURRNT' AND TEXT
     881/     46A : EB                          XCHG                    ;POINTER
     882/     46B : F7                          RST  6
     883/     46C : E1                  NX5:    POP  H
     884/     46D : D1                          POP  D
     885/     46E : CD 09 0A            NX2:    CALL POPA               ;PURGE THIS LOOP
     886/     471 : F7                          RST  6
     887/     472 :                     ;
     888/     472 :                     ;*************************************************************
     889/     472 :                     ;
     890/     472 :                     ; *** REM *** IF *** INPUT *** & LET (& DEFLT) ***
     891/     472 :                     ;
     892/     472 :                     ; 'REM' CAN BE FOLLOWED BY ANYTHING AND IS IGNORED BY TBI.
     893/     472 :                     ; TBI TREATS IT LIKE AN 'IF' WITH A FALSE CONDITION.
     894/     472 :                     ;
     895/     472 :                     ; 'IF' IS FOLLOWED BY AN EXPR. AS A CONDITION AND ONE OR MORE
     896/     472 :                     ; COMMANDS (INCLUDING OTHER 'IF'S) SEPERATED BY SEMI-COLONS.
     897/     472 :                     ; NOTE THAT THE WORD 'THEN' IS NOT USED.  TBI EVALUATES THE
     898/     472 :                     ; EXPR. IF IT IS NON-ZERO, EXECUTION CONTINUES.  IF THE
     899/     472 :                     ; EXPR. IS ZERO, THE COMMANDS THAT FOLLOWS ARE IGNORED AND
     900/     472 :                     ; EXECUTION CONTINUES AT THE NEXT LINE.
     901/     472 :                     ;
     902/     472 :                     ; 'INPUT' COMMAND IS LIKE THE 'PRINT' COMMAND, AND IS FOLLOWED
     903/     472 :                     ; BY A LIST OF ITEMS.  IF THE ITEM IS A STRING IN SINGLE OR
     904/     472 :                     ; DOUBLE QUOTES, OR IS A BACK-ARROW, IT HAS THE SAME EFFECT AS
     905/     472 :                     ; IN 'PRINT'.  IF AN ITEM IS A VARIABLE, THIS VARIABLE NAME IS
     906/     472 :                     ; PRINTED OUT FOLLOWED BY A COLON.  THEN TBI WAITS FOR AN
     907/     472 :                     ; EXPR. TO BE TYPED IN.  THE VARIABLE IS THEN SET TO THE
     908/     472 :                     ; VALUE OF THIS EXPR.  IF THE VARIABLE IS PROCEDED BY A STRING
     909/     472 :                     ; (AGAIN IN SINGLE OR DOUBLE QUOTES), THE STRING WILL BE
     910/     472 :                     ; PRINTED FOLLOWED BY A COLON.  TBI THEN WAITS FOR INPUT EXPR.
     911/     472 :                     ; AND SET THE VARIABLE TO THE VALUE OF THE EXPR.
     912/     472 :                     ;
     913/     472 :                     ; IF THE INPUT EXPR. IS INVALID, TBI WILL PRINT "WHAT?",
     914/     472 :                     ; "HOW?" OR "SORRY" AND REPRINT THE PROMPT AND REDO THE INPUT.
     915/     472 :                     ; THE EXECUTION WILL NOT TERMINATE UNLESS YOU TYPE CONTROL-C.
     916/     472 :                     ; THIS IS HANDLED IN 'INPERR'.
     917/     472 :                     ;
     918/     472 :                     ; 'LET' IS FOLLOWED BY A LIST OF ITEMS SEPERATED BY COMMAS.
     919/     472 :                     ; EACH ITEM CONSISTS OF A VARIABLE, AN EQUAL SIGN, AND AN EXPR.
     920/     472 :                     ; TBI EVALUATES THE EXPR. AND SET THE VARIABLE TO THAT VALUE.
     921/     472 :                     ; TBI WILL ALSO HANDLE 'LET' COMMAND WITHOUT THE WORD 'LET'.
     922/     472 :                     ; THIS IS DONE BY 'DEFLT'.
     923/     472 :                     ;
     924/     472 :                     ; 'REM' PUTS ZERO IN HL TO MAKE A FALSE IF STATEMENT. THEN COMES
     925/     472 :                     ; 3EH WHICH GETS EXECUTED AS OPCODE 3EH (MVI A,_). NEXT INSTR.
     926/     472 :                     ; IS 'RST 3' (OPCODE DFH) WHICH BECOMES DATA FOR THE MVI A,_
     927/     472 :                     ; SO 3EH +'RST 3' FORMS A DUMMY INSTRUCTION (MVI A,DFH) TO REACH
     928/     472 :                     ; THE NEXT INTENDED USEFUL INSTRUCTION WHICH IS MOV A,H AND THEN
     929/     472 :                     ; 'IF' STATEMENT CONTINUES. INTERSTING WAY TO MAKE A NON-JUMP..
     930/     472 :                     ;
     931/     472 : 21 00 00            REM:    LXI  H,0H               ;*** REM ***
     932/     475 : 3E                          DB   3EH                ;THIS IS LIKE 'IF 0'
     933/     476 :                     ;
     934/     476 : DF                  IFF:    RST  3                  ;*** IF ***
     935/     477 : 7C                          MOV  A,H                ;IS THE EXPR.=0?
     936/     478 : B5                          ORA  L
     937/     479 : C2 C6 01                    JNZ  RUNSML             ;NO, CONTINUE
     938/     47C : CD 17 09                    CALL FNDSKP             ;YES, SKIP REST OF LINE
     939/     47F : D2 BF 01                    JNC  RUNTSL             ;AND RUN THE NEXT LINE
     940/     482 : C3 2D 01                    JMP  RSTART             ;IF NO NEXT, RE-START
     941/     485 :                     ;
     942/     485 : 2A 0C 80            INPERR: LHLD STKINP             ;*** INPERR ***
     943/     488 : F9                          SPHL                    ;RESTORE OLD SP
     944/     489 : E1                          POP  H                  ;AND OLD 'CURRNT'
     945/     48A : 22 06 80                    SHLD CURRNT
     946/     48D : D1                          POP  D                  ;AND OLD TEXT POINTER
     947/     48E : D1                          POP  D                  ;REDO INPUT
     948/     48F :                     ;
     949/     48F :                     INPUT:                          ;*** INPUT ***
     950/     48F : D5                  IP1:    PUSH D                  ;SAVE IN CASE OF ERROR
     951/     490 : CD 2D 09                    CALL QTSTG              ;IS NEXT ITEM A STRING?
     952/     493 : C3 9F 04                    JMP  IP2                ;NO
     953/     496 : CD 4D 00                    CALL TSTV               ;YES, BUT FOLLOWED BY A
     954/     499 : DA D8 04                    JC   IP4                ;VARIABLE?   NO.
     955/     49C : C3 B1 04                    JMP  IP3                ;YES.  INPUT VARIABLE
     956/     49F : D5                  IP2:    PUSH D                  ;SAVE FOR 'PRTSTG'
     957/     4A0 : CD 4D 00                    CALL TSTV               ;MUST BE VARIABLE NOW
     958/     4A3 : DC C6 07                    CC   QWHAT              ;"WHAT?" IT IS NOT?
     959/     4A6 : 1A                          LDAX D                  ;GET READY FOR 'PRTSTR'
     960/     4A7 : 4F                          MOV  C,A
     961/     4A8 : 97                          SUB  A
     962/     4A9 : 12                          STAX D
     963/     4AA : D1                          POP  D
     964/     4AB : CD 21 09                    CALL PRTSTG             ;PRINT STRING AS PROMPT
     965/     4AE : 79                          MOV  A,C                ;RESTORE TEXT
     966/     4AF : 1B                          DCX  D
     967/     4B0 : 12                          STAX D
     968/     4B1 : D5                  IP3:    PUSH D                  ;SAVE TEXT POINTER
     969/     4B2 : EB                          XCHG
     970/     4B3 : 2A 06 80                    LHLD CURRNT             ;ALSO SAVE 'CURRNT'
     971/     4B6 : E5                          PUSH H
     972/     4B7 : 21 8F 04                    LXI  H,IP1              ;PTR TO A NEG.NUMBER
     973/     4BA : 22 06 80                    SHLD CURRNT             ;AS A FLAG
     974/     4BD : 21 00 00                    LXI  H,0H               ;SAVE SP TOO
     975/     4C0 : 39                          DAD  SP
     976/     4C1 : 22 0C 80                    SHLD STKINP
     977/     4C4 : D5                          PUSH D                  ;OLD HL
     978/     4C5 : 3E 3A                       MVI  A,':'              ;PRINT THIS TOO
     979/     4C7 : CD 14 08                    CALL GETLN              ;AND GET A LINE
     980/     4CA : 11 36 BF                    LXI  D,BUFFER           ;POINTS TO BUFFER
     981/     4CD : DF                          RST  3                  ;EVALUATE INPUT
     982/     4CE : D1                          POP  D                  ;OK, GET OLD HL
     983/     4CF : EB                          XCHG
     984/     4D0 : 73                          MOV  M,E                ;SAVE VALUE IN VAR.
     985/     4D1 : 23                          INX  H
     986/     4D2 : 72                          MOV  M,D
     987/     4D3 : E1                          POP  H                  ;GET OLD 'CURRNT'
     988/     4D4 : 22 06 80                    SHLD CURRNT
     989/     4D7 : D1                          POP  D                  ;AND OLD TEXT POINTER
     990/     4D8 : F1                  IP4:    POP  PSW                ;PURGE JUNK IN STACK
     991/     4D9 : CF                          RST  1                  ;IS NEXT CH. ','?
     992/     4DA : 2C                          DB   ','
     993/     4DB : 03                          DB   IP5-$-1
     994/     4DC : C3 8F 04                    JMP  IP1                ;YES, MORE ITEMS.
     995/     4DF : F7                  IP5:    RST  6
     996/     4E0 :                     ;
     997/     4E0 : 1A                  DEFLT:  LDAX D                  ;***  DEFLT ***
     998/     4E1 : FE 0D                       CPI  CR                 ;EMPTY LINE IS OK
     999/     4E3 : CA EF 04                    JZ   LT1                ;ELSE IT IS 'LET'
    1000/     4E6 :                     ;
    1001/     4E6 : CD 92 07            LET:    CALL SETVAL             ;*** LET ***
    1002/     4E9 : CF                          RST  1                  ;SET VALUE TO VAR.
    1003/     4EA : 2C                          DB   ','
    1004/     4EB : 03                          DB   LT1-$-1
    1005/     4EC : C3 E6 04                    JMP  LET                ;ITEM BY ITEM
    1006/     4EF : F7                  LT1:    RST  6                  ;UNTIL FINISH
    1007/     4F0 :                     ;
    1008/     4F0 :                     ;*************************************************************
    1009/     4F0 :                     ;
    1010/     4F0 :                     ; *** EXPR ***
    1011/     4F0 :                     ;
    1012/     4F0 :                     ; 'EXPR' EVALUATES ARITHMETICAL OR LOGICAL EXPRESSIONS.
    1013/     4F0 :                     ; <EXPR>::<EXPR0>
    1014/     4F0 :                     ;         <EXPR0><REL.OP.><EXPR0>
    1015/     4F0 :                     ; WHERE <REL.OP.> IS ONE OF THE OPERATORS IN TAB8 AND THE
    1016/     4F0 :                     ; RESULT OF THESE OPERATIONS IS 1 IF TRUE AND 0 IF FALSE.
    1017/     4F0 :                     ; <EXPR0>::=<EXPR1>(|, ^ OR &)<EXPR1>(....)
    1018/     4F0 :                     ; <EXPR1>::=<EXPR2>(<< OR >>)<EXPR2>(....)
    1019/     4F0 :                     ; <EXPR2>::=(+ OR -)<EXPR3>(+ OR -)<EXPR3>(....)
    1020/     4F0 :                     ; WHERE () ARE OPTIONAL AND (....) ARE OPTIONAL REPEATS.
    1021/     4F0 :                     ; <EXPR3>::=<EXPR4>(*, % OR /><EXPR4>)(....)
    1022/     4F0 :                     ; <EXPR4>::=<VARIABLE>, <FUNCTION> OR (<EXPR>)
    1023/     4F0 :                     ; <EXPR> IS RECURSIVE SO THAT VARIABLE '@' CAN HAVE AN <EXPR>
    1024/     4F0 :                     ; AS INDEX, FUNCTIONS CAN HAVE AN <EXPR> AS ARGUMENTS, AND
    1025/     4F0 :                     ; <EXPR4> CAN BE AN <EXPR> IN PARANTHESE.
    1026/     4F0 :                     ;
    1027/     4F0 :                     ;EXPR:  CALL EXPR0              ;THIS IS AT LOC. 18
    1028/     4F0 :                     ;       PUSH H                  ;SAVE <EXPR0> VALUE
    1029/     4F0 : 21 E9 0B            RELOP:  LXI  H,TAB8-1           ;LOOKUP REL.OP.
    1030/     4F3 : C3 1A 0C                    JMP  EXEC               ;GO DO IT
    1031/     4F6 : CD 1F 05            ROP1:   CALL ROP8               ;REL.OP.">="
    1032/     4F9 : D8                          RC                      ;NO, RETURN HL=0
    1033/     4FA : 6F                          MOV  L,A                ;YES, RETURN HL=1
    1034/     4FB : C9                          RET
    1035/     4FC : CD 1F 05            ROP2:   CALL ROP8               ;REL.OP."!="
    1036/     4FF : C8                          RZ                      ;FALSE, RETURN HL=0
    1037/     500 : 6F                          MOV  L,A                ;TRUE, RETURN HL=1
    1038/     501 : C9                          RET
    1039/     502 : CD 1F 05            ROP3:   CALL ROP8               ;REL.OP.">"
    1040/     505 : C8                          RZ                      ;FALSE
    1041/     506 : D8                          RC                      ;ALSO FALSE, HL=0
    1042/     507 : 6F                          MOV  L,A                ;TRUE, HL=1
    1043/     508 : C9                          RET
    1044/     509 : CD 1F 05            ROP4:   CALL ROP8               ;REL.OP."<="
    1045/     50C : 6F                          MOV  L,A                ;SET HL=1
    1046/     50D : C8                          RZ                      ;REL. TRUE, RETURN
    1047/     50E : D8                          RC
    1048/     50F : 6C                          MOV  L,H                ;ELSE SET HL=0
    1049/     510 : C9                          RET
    1050/     511 : CD 1F 05            ROP5:   CALL ROP8               ;REL.OP."=="
    1051/     514 : C0                          RNZ                     ;FALSE, RETURN HL=0
    1052/     515 : 6F                          MOV  L,A                ;ELSE SET HL=1
    1053/     516 : C9                          RET
    1054/     517 : CD 1F 05            ROP6:   CALL ROP8               ;REL.OP."<"
    1055/     51A : D0                          RNC                     ;FALSE, RETURN HL=0
    1056/     51B : 6F                          MOV  L,A                ;ELSE SET HL=1
    1057/     51C : C9                          RET
    1058/     51D : E1                  ROP7:   POP  H                  ;NOT .REL.OP
    1059/     51E : C9                          RET                     ;RETURN HL=<EXPR0>
    1060/     51F : 79                  ROP8:   MOV  A,C                ;SUBROUTINE FOR ALL
    1061/     520 : E1                          POP  H                  ;REL.OP.'S
    1062/     521 : C1                          POP  B
    1063/     522 : E5                          PUSH H                  ;REVERSE TOP OF STACK
    1064/     523 : C5                          PUSH B
    1065/     524 : 4F                          MOV  C,A
    1066/     525 : CD 34 05                    CALL EXPR0              ;GET 2ND <EXPR0>
    1067/     528 : EB                          XCHG                    ;VALUE IN DE NOW
    1068/     529 : E3                          XTHL                    ;1ST <EXPR0> IN HL
    1069/     52A : CD 83 07                    CALL CKHLDE             ;COMPARE 1ST WITH 2ND
    1070/     52D : D1                          POP  D                  ;RESTORE TEXT POINTER
    1071/     52E : 21 00 00                    LXI  H,0H               ;SET HL=0, A=1
    1072/     531 : 3E 01                       MVI  A,1
    1073/     533 : C9                          RET
    1074/     534 :                     ;
    1075/     534 : CD 71 05            EXPR0:  CALL EXPR1              ;GET 1ST <EXPR1>
    1076/     537 : CF                  XP01:   RST  1                  ;BITWISE OR?
    1077/     538 : 7C                          DB   '|'
    1078/     539 : 10                          DB   XP02-$-1
    1079/     53A : E5                          PUSH H                  ;YES, SAVE VALUE
    1080/     53B : CD 71 05                    CALL EXPR1              ;GET 2ND <EXPR1>
    1081/     53E : EB                          XCHG                    ;2ND IN DE
    1082/     53F : E3                          XTHL                    ;1ST IN HL
    1083/     540 : 7C                          MOV  A,H
    1084/     541 : B2                          ORA  D
    1085/     542 : 67                          MOV  H,A
    1086/     543 : 7D                          MOV  A,L
    1087/     544 : B3                          ORA  E
    1088/     545 : 6F                          MOV  L,A
    1089/     546 : D1                          POP  D                  ;RESTORE TEXT POINTER
    1090/     547 : C3 37 05                    JMP  XP01
    1091/     54A : CF                  XP02:   RST  1                  ;BITWISE EXCLUSIVE OR?
    1092/     54B : 5E                          DB   '^'
    1093/     54C : 10                          DB   XP03-$-1
    1094/     54D : E5                          PUSH H                  ;YES, SAVE VALUE
    1095/     54E : CD 71 05                    CALL EXPR1              ;GET 2ND <EXPR1>
    1096/     551 : EB                          XCHG                    ;2ND IN DE
    1097/     552 : E3                          XTHL                    ;1ST IN HL
    1098/     553 : 7C                          MOV  A,H
    1099/     554 : AA                          XRA  D
    1100/     555 : 67                          MOV  H,A
    1101/     556 : 7D                          MOV  A,L
    1102/     557 : AB                          XRA  E
    1103/     558 : 6F                          MOV  L,A
    1104/     559 : D1                          POP  D                  ;RESTORE TEXT POINTER
    1105/     55A : C3 37 05                    JMP  XP01
    1106/     55D : CF                  XP03:   RST  1                  ;BITWISE AND?
    1107/     55E : 26                          DB   '&'
    1108/     55F : 10                          DB   XP04-$-1
    1109/     560 : E5                          PUSH H                  ;YES, SAVE VALUE
    1110/     561 : CD 71 05                    CALL EXPR1              ;GET 2ND <EXPR1>
    1111/     564 : EB                          XCHG                    ;2ND IN DE
    1112/     565 : E3                          XTHL                    ;1ST IN HL
    1113/     566 : 7C                          MOV  A,H
    1114/     567 : A2                          ANA  D
    1115/     568 : 67                          MOV  H,A
    1116/     569 : 7D                          MOV  A,L
    1117/     56A : A3                          ANA  E
    1118/     56B : 6F                          MOV  L,A
    1119/     56C : D1                          POP  D                  ;RESTORE TEXT POINTER
    1120/     56D : C3 37 05                    JMP  XP01
    1121/     570 : C9                  XP04:   RET
    1122/     571 :                     ;
    1123/     571 : CD A9 05            EXPR1:  CALL EXPR2              ;GET 1ST <EXPR2>
    1124/     574 : E5                          PUSH H                  ;SAVE <EXPR2> VALUE
    1125/     575 : 21 01 0C                    LXI  H,TAB9-1           ;LOOKUP SHIFT.OP.
    1126/     578 : C3 1A 0C                    JMP  EXEC               ;IN TABLE
    1127/     57B : CD A9 05            XP11:   CALL EXPR2              ;GET 2ND <EXPR2>
    1128/     57E : EB                          XCHG                    ;2ND IN DE
    1129/     57F : E3                          XTHL                    ;1ST IN HL
    1130/     580 : CD 91 05                    CALL LSHIFT             ;SHIFT IT
    1131/     583 : D1                          POP  D                  ;RESTORE TEXT POINTER
    1132/     584 : C9                          RET
    1133/     585 : CD A9 05            XP12:   CALL EXPR2              ;GET 2ND <EXPR2>
    1134/     588 : EB                          XCHG                    ;2ND IN DE
    1135/     589 : E3                          XTHL                    ;1ST IN HL
    1136/     58A : CD 9D 05                    CALL RSHIFT             ;SHIFT IT
    1137/     58D : D1                          POP  D                  ;RESTORE TEXT POINTER
    1138/     58E : C9                          RET
    1139/     58F : E1                  XP13:   POP  H                  ;NOT SHIFT, RESTORE
    1140/     590 : C9                          RET                     ;<EXPR2> AND QUIT
    1141/     591 :                     ;
    1142/     591 : 3E 10               LSHIFT: MVI  A,16               ;MAX SHIFT COUNTER
    1143/     593 : 1B                  LSH1:   DCX  D                  ;DE IS NUMBER OF SHIFTS
    1144/     594 : (MACRO)                     JK   LSH2               ;K-FLAG SET WHEN DONE
    1144/     594 : FD                          DB    0FDH
    1144/     595 : 9C                          DB    (LSH2 & 0FFH)
    1144/     596 : 05                          DB    (LSH2 >> 8)
    1145/     597 : 29                          DAD  H                  ;LEFT SHIFT IS SAME AS
    1146/     598 : 3D                          DCR  A                  ;MULTIPLICATION BY TWO
    1147/     599 : C2 93 05                    JNZ  LSH1
    1148/     59C : C9                  LSH2:   RET
    1149/     59D :                     ;
    1150/     59D : 3E 10               RSHIFT: MVI  A,16               ;MAX SHIFT COUNTER
    1151/     59F : 1B                  RSH1:   DCX  D                  ;DE IS NUMBER OF SHIFTS
    1152/     5A0 : (MACRO)                     JK   RSH2               ;K-FLAG SET WHEN DONE
    1152/     5A0 : FD                          DB    0FDH
    1152/     5A1 : A8                          DB    (RSH2 & 0FFH)
    1152/     5A2 : 05                          DB    (RSH2 >> 8)
    1153/     5A3 : (MACRO)                     ARHL                    ;SHIFT RIGHT 16-BIT
    1153/     5A3 : 10                          DB    10H
    1154/     5A4 : 3D                          DCR  A
    1155/     5A5 : C2 9F 05                    JNZ  RSH1
    1156/     5A8 : C9                  RSH2:   RET
    1157/     5A9 :                     ;
    1158/     5A9 : CD D8 05            EXPR2:  CALL EXPR3              ;1ST <EXPR3>
    1159/     5AC : CF                  XP23:   RST  1                  ;ADD?
    1160/     5AD : 2B                          DB   '+'
    1161/     5AE : 1C                          DB   XP25-$-1
    1162/     5AF : E5                          PUSH H                  ;YES, SAVE VALUE
    1163/     5B0 : CD D8 05                    CALL EXPR3              ;GET 2ND <EXPR3>
    1164/     5B3 : EB                  XP24:   XCHG                    ;2ND IN DE
    1165/     5B4 : E3                          XTHL                    ;1ST IN HL
    1166/     5B5 : 7C                          MOV  A,H                ;COMPARE SIGN
    1167/     5B6 : AA                          XRA  D
    1168/     5B7 : 7A                          MOV  A,D
    1169/     5B8 : 19                          DAD  D
    1170/     5B9 : D1                          POP  D                  ;RESTORE TEXT POINTER
    1171/     5BA : FA AC 05                    JM   XP23               ;1ST AND 2ND SIGN DIFFER
    1172/     5BD : AC                          XRA  H                  ;1ST AND 2ND SIGN EQUAL
    1173/     5BE : F2 AC 05                    JP   XP23               ;SO IS RESULT
    1174/     5C1 : 3A 03 80                    LDA  USIGNF             ;IF UNSIGNED
    1175/     5C4 : B7                          ORA  A                  ;OPERATION
    1176/     5C5 : C2 AC 05                    JNZ  XP23               ;DON'T EVALUATE SIGN
    1177/     5C8 : CD FC 00                    CALL QHOW               ;ELSE WE HAVE OVERFLOW
    1178/     5CB : CF                  XP25:   RST  1                  ;SUBTRACT?
    1179/     5CC : 2D                          DB   '-'
    1180/     5CD : A1                          DB   XP42-$-1
    1181/     5CE : E5                  XP26:   PUSH H                  ;YES, SAVE 1ST <EXPR3>
    1182/     5CF : CD D8 05                    CALL EXPR3              ;GET 2ND <EXPR3>
    1183/     5D2 : CD 77 07                    CALL CHGSGN             ;NEGATE
    1184/     5D5 : C3 B3 05                    JMP  XP24               ;AND ADD THEM
    1185/     5D8 :                     ;
    1186/     5D8 : CD 51 06            EXPR3:  CALL EXPR4              ;GET 1ST <EXPR4>
    1187/     5DB : CF                  XP31:   RST  1                  ;MULTIPLY?
    1188/     5DC : 2A                          DB   '*'
    1189/     5DD : 35                          DB   XP34-$-1
    1190/     5DE : E5                          PUSH H                  ;YES, SAVE 1ST
    1191/     5DF : CD 51 06                    CALL EXPR4              ;AND GET 2ND <EXPR4>
    1192/     5E2 : 06 00                       MVI  B,0H               ;CLEAR B FOR SIGN
    1193/     5E4 : CD 6F 07                    CALL CHKSGN             ;CHECK SIGN
    1194/     5E7 : E3                          XTHL                    ;1ST IN HL
    1195/     5E8 : CD 6F 07                    CALL CHKSGN             ;CHECK SIGN OF 1ST
    1196/     5EB : EB                          XCHG
    1197/     5EC : E3                          XTHL
    1198/     5ED : 7C                          MOV  A,H                ;IS HL > 255 ?
    1199/     5EE : B7                          ORA  A
    1200/     5EF : CA F8 05                    JZ   XP32               ;NO
    1201/     5F2 : EB                          XCHG                    ;YES, SWAP 2ND TO HL
    1202/     5F3 : 7C                          MOV  A,H                ;CHECK SIZE OF 2ND
    1203/     5F4 : B7                          ORA  A
    1204/     5F5 : C4 F9 00                    CNZ  AHOW               ;ALSO >, WILL OVERFLOW
    1205/     5F8 : 7D                  XP32:   MOV  A,L                ;THIS IS DUMB
    1206/     5F9 : 21 00 00                    LXI  H,0H               ;CLEAR RESULT
    1207/     5FC : B7                          ORA  A                  ;ADD AND COUNT
    1208/     5FD : CA 43 06                    JZ   XP35
    1209/     600 : 19                  XP33:   DAD  D
    1210/     601 : DC F9 00                    CC   AHOW               ;OVERFLOW
    1211/     604 : 3D                          DCR  A
    1212/     605 : C2 00 06                    JNZ  XP33
    1213/     608 : C3 43 06                    JMP  XP35               ;FINISHED
    1214/     60B :                     ;
    1215/     60B : 3A 03 80            MULOVF: LDA  USIGNF             ;IF UNSIGNED
    1216/     60E : B7                          ORA  A                  ;OPERATION DON'T
    1217/     60F : C0                          RNZ                     ;EVALUATE OVFLOW
    1218/     610 : C3 FC 00                    JMP  QHOW               ;CALL ADR ALREADY ON STK
    1219/     613 :                     ;
    1220/     613 : CF                  XP34:   RST  1                  ;MODULUS?
    1221/     614 : 25                          DB   '%'
    1222/     615 : 03                          DB   XP341-$-1
    1223/     616 : C3 1C 06                    JMP  XP342
    1224/     619 : CF                  XP341:  RST  1                  ;DIVIDE?
    1225/     61A : 2F                          DB   '/'
    1226/     61B : 53                          DB   XP42-$-1
    1227/     61C : E5                  XP342:  PUSH H                  ;YES, SAVE 1ST <EXPR4>
    1228/     61D : 32 01 80                    STA  DIVOPR             ;STORE OPERATION / OR %
    1229/     620 : CD 51 06                    CALL EXPR4              ;AND GET THE SECOND ONE
    1230/     623 : 06 00                       MVI  B,0H               ;CLEAR B FOR SIGN
    1231/     625 : CD 6F 07                    CALL CHKSGN             ;CHECK SIGN OF 2ND
    1232/     628 : E3                          XTHL                    ;GET 1ST IN HL
    1233/     629 : CD 6F 07                    CALL CHKSGN             ;CHECK SIGN OF 1ST
    1234/     62C : EB                          XCHG
    1235/     62D : E3                          XTHL
    1236/     62E : EB                          XCHG
    1237/     62F : 7A                          MOV  A,D                ;DIVIDE BY 0?
    1238/     630 : B3                          ORA  E
    1239/     631 : CC F9 00                    CZ   AHOW               ;SAY "HOW?"
    1240/     634 : C5                          PUSH B                  ;ELSE SAVE SIGN
    1241/     635 : CD 52 07                    CALL DIVIDE             ;USE SUBROUTINE
    1242/     638 : 3A 01 80                    LDA  DIVOPR             ;GET BACK ACTUAL OPERATION
    1243/     63B : FE 25                       CPI  '%'                ;IF MODULUS
    1244/     63D : CA 42 06                    JZ   XP343              ;THEN KEEP REMAINDER IN HL
    1245/     640 : 60                          MOV  H,B                ;RESULT IN HL NOW
    1246/     641 : 69                          MOV  L,C
    1247/     642 : C1                  XP343:  POP  B                  ;GET SIGN BACK
    1248/     643 : D1                  XP35:   POP  D                  ;AND TEXT POINTER
    1249/     644 : 7C                          MOV  A,H                ;HL MUST BE +
    1250/     645 : B7                          ORA  A
    1251/     646 : FC 0B 06                    CM   MULOVF             ;ELSE IT IS OVERFLOW
    1252/     649 : 78                          MOV  A,B
    1253/     64A : B7                          ORA  A
    1254/     64B : FC 77 07                    CM   CHGSGN             ;CHANGE SIGN IF NEEDED
    1255/     64E : C3 DB 05                    JMP  XP31               ;LOOK FOR MORE TERMS
    1256/     651 :                     ;
    1257/     651 : 21 98 0B            EXPR4:  LXI  H,TAB4-1           ;FIND FUNCTION IN TAB4
    1258/     654 : C3 1A 0C                    JMP  EXEC               ;AND GO DO IT
    1259/     657 : CD 4D 00            XP40:   CALL TSTV               ;NO, NOT A FUNCTION
    1260/     65A : DA 62 06                    JC   XP41               ;NOR A VARIABLE
    1261/     65D : 7E                          MOV  A,M                ;VARIABLE
    1262/     65E : 23                          INX  H
    1263/     65F : 66                          MOV  H,M                ;VALUE IN HL
    1264/     660 : 6F                          MOV  L,A
    1265/     661 : C9                          RET
    1266/     662 : CD 8C 00            XP41:   CALL TSTNUM             ;OR IS IT A NUMBER
    1267/     665 : 78                          MOV  A,B                ;# OF DIGIT
    1268/     666 : B7                          ORA  A
    1269/     667 : C0                          RNZ                     ;OK
    1270/     668 : CF                  PARN:   RST  1
    1271/     669 : 28                          DB   '('
    1272/     66A : 05                          DB   XP43-$-1
    1273/     66B : DF                          RST  3                  ;"(EXPR)"
    1274/     66C : CF                          RST  1
    1275/     66D : 29                          DB   ')'
    1276/     66E : 01                          DB   XP43-$-1
    1277/     66F : C9                  XP42:   RET
    1278/     670 : CD C6 07            XP43:   CALL QWHAT              ;ELSE SAY: "WHAT?"
    1279/     673 :                     ;
    1280/     673 :                     ;*************************************************************
    1281/     673 :                     ;
    1282/     673 :                     ; *** FUNCTIONS, MAY HAVE AN ARGUMENT, ALWAYS RETURN VALUE ***
    1283/     673 :                     ;
    1284/     673 :                     ; ** !(LOGICAL NOT) ** ~(BITWISE NOT) ** -(MINUS) ** +(PLUS) *
    1285/     673 :                     ;
    1286/     673 :                     ; ** RND *** ABS *** PEEK *** TIME *** GETC *** LEN *** FREE *
    1287/     673 :                     ;
    1288/     673 : FF                  NOT:    RST  7                  ;*** !(EXPR) ***
    1289/     674 : 7C                          MOV  A,H                ;CHECK IF BOTH H
    1290/     675 : B5                          ORA  L                  ;AND L WERE ZERO
    1291/     676 : C2 7B 06                    JNZ  NOT1               ;TEST THEM
    1292/     679 : 2C                          INR  L                  ;YES, RETURN 1
    1293/     67A : C9                          RET
    1294/     67B : 21 00 00            NOT1:   LXI  H,0                ;NO, RETURN 0
    1295/     67E : C9                          RET
    1296/     67F :                     ;
    1297/     67F : FF                  INV:    RST  7                  ;*** ~(EXPR) ***
    1298/     680 : 7C                          MOV  A,H                ;INVERT, OR TAKE
    1299/     681 : 2F                          CMA                     ;ONE'S COMPLEMENT
    1300/     682 : 67                          MOV  H,A                ;OF H AND L
    1301/     683 : 7D                          MOV  A,L                ;RESPECTIVELY
    1302/     684 : 2F                          CMA
    1303/     685 : 6F                          MOV  L,A
    1304/     686 : C9                          RET
    1305/     687 :                     ;
    1306/     687 : CD 7F 06            MINUS:  CALL INV                ;*** -(EXPR) ***
    1307/     68A : 23                          INX  H                  ;TWO'S COMPLIMENT
    1308/     68B : C9                          RET
    1309/     68C :                     ;
    1310/     68C : FF                  PLUS:   RST  7                  ;*** +(EXPR) ***
    1311/     68D : C9                          RET
    1312/     68E :                     ;
    1313/     68E : FF                  RND:    RST  7                  ;*** RND(EXPR) ***
    1314/     68F : 7C                          MOV  A,H                ;EXPR MUST BE +
    1315/     690 : B7                          ORA  A
    1316/     691 : FC FC 00                    CM   QHOW
    1317/     694 : B5                          ORA  L                  ;AND NON-ZERO
    1318/     695 : CC FC 00                    CZ   QHOW
    1319/     698 : D5                          PUSH D                  ;SAVE BOTH
    1320/     699 : C5                          PUSH B                  ;TXTPTR AND BC REG
    1321/     69A : E5                          PUSH H                  ;SAVE ARGUMENT
    1322/     69B : CD A6 06                    CALL PRNG               ;ROLL THE DICE
    1323/     69E : D1                          POP  D                  ;GET BACK ARGUMENT
    1324/     69F : CD 52 07                    CALL DIVIDE             ;RND(N)=MOD(M,N)+1
    1325/     6A2 : C1                          POP  B
    1326/     6A3 : D1                          POP  D
    1327/     6A4 : 23                          INX  H
    1328/     6A5 : C9                          RET
    1329/     6A6 :                     ;
    1330/     6A6 : 2A 18 80            PRNG:   LHLD RNDNUM             ;PSEUDO RANDOM NUMBER
    1331/     6A9 : 7C                          MOV  A,H                ;GENERATOR. PUBLIC DOMAIN
    1332/     6AA : 44                          MOV  B,H                ;ALLEGEDLY ORIGINATING
    1333/     6AB : 4D                          MOV  C,L                ;FROM ZX SPECTRUM GAME.
    1334/     6AC : 65                          MOV  H,L                ;TRANSLATED FROM Z80
    1335/     6AD : 2E FD                       MVI  L,253              ;TO 8085 ASSEMBLER.
    1336/     6AF : (MACRO)                     DSUB                    ;VERIFIED PERIOD 65536
    1336/     6AF : 08                          DB    08H
    1337/     6B0 : DE 00                       SBI  0
    1338/     6B2 : (MACRO)                     DSUB
    1338/     6B2 : 08                          DB    08H
    1339/     6B3 : 06 00                       MVI  B,0
    1340/     6B5 : 98                          SBB  B
    1341/     6B6 : 4F                          MOV  C,A
    1342/     6B7 : (MACRO)                     DSUB
    1342/     6B7 : 08                          DB    08H
    1343/     6B8 : D2 BC 06                    JNC  PRNG1
    1344/     6BB : 23                          INX  H
    1345/     6BC : 22 18 80            PRNG1:  SHLD RNDNUM
    1346/     6BF : C9                          RET
    1347/     6C0 :                     ;
    1348/     6C0 : FF                  ABS:    RST  7                  ;*** ABS(EXPR) ***
    1349/     6C1 : 7C                          MOV  A,H
    1350/     6C2 : B7                          ORA  A                  ;CHECK SIGN OF HL
    1351/     6C3 : F0                          RP                      ;IF +, WE'RE DONE
    1352/     6C4 : F5                          PUSH PSW                ;ELSE CHANGE SIGN
    1353/     6C5 : CD 77 07                    CALL CHGSGN
    1354/     6C8 : F1                          POP  PSW                ;COMPARE SIGN BEFORE
    1355/     6C9 : AC                          XRA  H                  ;AND AFTER
    1356/     6CA : F4 FC 00                    CP   QHOW               ;IS SAME, IT'S ERROR
    1357/     6CD : C9                          RET
    1358/     6CE :                     ;
    1359/     6CE : FF                  PIN:    RST  7                  ;*** IN(EXPR) ***
    1360/     6CF : 7C                          MOV  A,H                ;HI BYTE OF ARGUMENT
    1361/     6D0 : B7                          ORA  A                  ;MUST BE ZERO
    1362/     6D1 : C4 FC 00                    CNZ  QHOW               ;ELSE CAN'T CONTINUTE
    1363/     6D4 : 7D                          MOV  A,L                ;LOW BYTE IS THE IO ADDR
    1364/     6D5 : 2A 1A 80                    LHLD TXTUNF             ;POINT AT MEM.LOC AFTER PGM
    1365/     6D8 : 36 DB                       MVI  M,0DBH             ;PLACE THE "IN" INSTRUCTION
    1366/     6DA : 23                          INX  H                  ;NEXT LOCATION
    1367/     6DB : 77                          MOV  M,A                ;PLACE THE IN PORT NUMBER
    1368/     6DC : 23                          INX  H                  ;NEXT LOCATION
    1369/     6DD : 36 C9                       MVI  M,0C9H             ;PLACE THE "RET" INSTRUCTION
    1370/     6DF : CD ED 06                    CALL RAMEXC             ;CALL SUBROUTINE IN RAM
    1371/     6E2 : 6F                          MOV  L,A                ;FUNCTION RETURN VALUE IN HL
    1372/     6E3 : 26 00                       MVI  H,0                ;HI BYTE ALWAYS ZERO
    1373/     6E5 : C9                          RET
    1374/     6E6 :                     ;
    1375/     6E6 : CD 56 0C            SID:    CALL SDIN               ;READ SERIAL INTERFACE
    1376/     6E9 : 6F                          MOV  L,A                ;FUNCTION RETURN VALUE IN HL
    1377/     6EA : 26 00                       MVI  H,0                ;HI BYTE ALWAYS ZERO
    1378/     6EC : C9                          RET
    1379/     6ED :                     ;
    1380/     6ED : 2A 1A 80            RAMEXC: LHLD TXTUNF             ;POINT AT MEM.LOC TO EXECUTE
    1381/     6F0 : E9                          PCHL                    ;FORCE ADDR TO PGM.CNTR
    1382/     6F1 :                     ;
    1383/     6F1 : FF                  PEEK:   RST  7                  ;*** PEEK(EXPR) ***
    1384/     6F2 : 7E                          MOV  A,M                ;MEM LOC. (HL) TO A
    1385/     6F3 : 6F                          MOV  L,A                ;RETURN VALUE IN HL
    1386/     6F4 : 26 00                       MVI  H,0                ;HI BYTE ALWAYS ZERO
    1387/     6F6 : C9                          RET
    1388/     6F7 :                     ;
    1389/     6F7 : F3                  TCNT:   DI                      ;*** TIME ***
    1390/     6F8 : 2A 04 80                    LHLD TIMCNT             ;RETREIVE CURRENT COUNT
    1391/     6FB : FB                          EI
    1392/     6FC : C9                          RET
    1393/     6FD :                     ;
    1394/     6FD : 26 00               GETC:   MVI  H,0                ;*** GETC ***
    1395/     6FF : 3A 00 80                    LDA  RCVCHR             ;GET LAST RCVD CHAR
    1396/     702 : 6F                          MOV  L,A                ;RETURN IN HL
    1397/     703 : AF                          XRA  A                  ;RESET THE
    1398/     704 : 32 00 80                    STA  RCVCHR             ;RCVD CHAR AFTER READ
    1399/     707 : C9                          RET
    1400/     708 :                     ;
    1401/     708 : FF                  USR:    RST  7                  ;** USR(EXPR)[,REGS..] **
    1402/     709 : 22 86 BF                    SHLD STKLMT+6           ;SAVE 1ST ARG, CALL ADDR
    1403/     70C : CD BD 07                    CALL SKPCOM             ;COMMA MAY SEPARATE ARGS
    1404/     70F : CA 16 07                    JZ   US1                ;WE HAVE MORE ARGUMENTS
    1405/     712 : D5                          PUSH D                  ;ELSE SAVE TXTPTR
    1406/     713 : C3 2B 07                    JMP  US2                ;AND CONTINUE W/O ARGS
    1407/     716 : FF                  US1:    RST  7                  ;GET 2ND ARG WHICH IS HL
    1408/     717 : E5                          PUSH H                  ;SAVE IT
    1409/     718 : CD BD 07                    CALL SKPCOM             ;COMMA MAY SEPARATE ARGS
    1410/     71B : FF                          RST  7                  ;GET 3RD ARG WICH IS DE
    1411/     71C : E5                          PUSH H                  ;BUT DE IS TXTPTR SO SAVE
    1412/     71D : CD BD 07                    CALL SKPCOM             ;COMMA MAY SEPARATE ARGS
    1413/     720 : FF                          RST  7                  ;GET 4TH ARG
    1414/     721 : 44                          MOV  B,H                ;WHICH IS
    1415/     722 : 4D                          MOV  C,L                ;REG BC
    1416/     723 : CD BD 07                    CALL SKPCOM             ;COMMA MAY SEPARATE ARGS
    1417/     726 : FF                          RST  7                  ;GET 5TH ARG WICH IS ACC
    1418/     727 : 7D                          MOV  A,L                ;MOVE ARG TO ITS POSITION
    1419/     728 : E1                          POP  H                  ;RETURN ARG(DE) TO HL
    1420/     729 : EB                          XCHG                    ;TXTPTR TO HL,(DE) TO DE
    1421/     72A : E3                          XTHL                    ;TXTPTR TO STK,(HL) TO HL
    1422/     72B : E5                  US2:    PUSH H                  ;SAVE (HL)ARG (OR DUMMY)
    1423/     72C : 21 36 07                    LXI  H,USRTN            ;FIND OUR RETURN ADDR
    1424/     72F : E3                          XTHL                    ;SWAP WITH ARG ON STACK
    1425/     730 : E5                          PUSH H                  ;SAVE ARGUMENT AGAIN
    1426/     731 : 2A 86 BF                    LHLD STKLMT+6           ;GET THE CALL ADDRESS
    1427/     734 : E3                          XTHL                    ;AGAIN SWAP WITH STACK
    1428/     735 : C9                          RET                     ;CALL BY PULL FROM STACK
    1429/     736 : D1                  USRTN:  POP  D                  ;RESTORE TEXT PTR
    1430/     737 : C9                          RET
    1431/     738 :                     ;
    1432/     738 : 21 1C 80            LEN:    LXI  H,TXTBGN           ;*** LEN ***
    1433/     73B : D5                          PUSH D                  ;GET THE NUMBER OF
    1434/     73C : EB                          XCHG                    ;BYTES BETWEEN 'TXTBGN'
    1435/     73D : 2A 1A 80                    LHLD TXTUNF             ;AND 'TXTUNF'
    1436/     740 : CD 68 07                    CALL SUBDE
    1437/     743 : D1                          POP  D
    1438/     744 : C9                          RET
    1439/     745 :                     ;
    1440/     745 : 2A 1A 80            FREE:   LHLD TXTUNF             ;*** FREE ***
    1441/     748 : D5                          PUSH D                  ;GET THE NUMBER OF FREE
    1442/     749 : EB                          XCHG                    ;BYTES BETWEEN 'TXTUNF'
    1443/     74A : 21 00 BF                    LXI  H,VARBGN           ;AND 'VARBGN'
    1444/     74D : CD 68 07                    CALL SUBDE
    1445/     750 : D1                          POP  D
    1446/     751 : C9                          RET
    1447/     752 :                     ;
    1448/     752 :                     ;*************************************************************
    1449/     752 :                     ;
    1450/     752 :                     ; *** DIVIDE *** SUBDE *** CHKSGN *** CHGSGN *** & CKHLDE ***
    1451/     752 :                     ;
    1452/     752 :                     ; 'DIVIDE' DIVIDES HL BY DE, RESULT IN BC, REMAINDER IN HL
    1453/     752 :                     ;
    1454/     752 :                     ; 'SUBDE' SUBSTRACTS DE FROM HL
    1455/     752 :                     ;
    1456/     752 :                     ; 'CHKSGN' CHECKS SIGN OF HL.  IF +, NO CHANGE.  IF -, CHANGE
    1457/     752 :                     ; SIGN AND FLIP SIGN OF B.
    1458/     752 :                     ;
    1459/     752 :                     ; 'CHGSGN' CHANGES SIGN OF HL AND B UNCONDITIONALLY.
    1460/     752 :                     ;
    1461/     752 :                     ; 'CKHLDE' CHECKS SIGN OF HL AND DE.  IF DIFFERENT, HL AND DE
    1462/     752 :                     ; ARE INTERCHANGED.  IF SAME SIGN, NOT INTERCHANGED.  EITHER
    1463/     752 :                     ; CASE, HL DE ARE THEN COMPARED TO SET THE FLAGS.
    1464/     752 :                     ;
    1465/     752 : E5                  DIVIDE: PUSH H                  ;*** DIVIDE ***
    1466/     753 : 6C                          MOV  L,H                ;DIVIDE H BY DE
    1467/     754 : 26 00                       MVI  H,0
    1468/     756 : CD 5D 07                    CALL DV1
    1469/     759 : 41                          MOV  B,C                ;SAVE RESULT IN B
    1470/     75A : 7D                          MOV  A,L                ;(REMINDER+L)/DE
    1471/     75B : E1                          POP  H
    1472/     75C : 67                          MOV  H,A
    1473/     75D : 0E FF               DV1:    MVI  C,0FFH             ;RESULT IN C
    1474/     75F : 0C                  DV2:    INR  C                  ;DUMB ROUTINE
    1475/     760 : CD 68 07                    CALL SUBDE              ;DIVIDE BY SUBTRACT
    1476/     763 : D2 5F 07                    JNC  DV2                ;AND COUNT
    1477/     766 : 19                          DAD  D
    1478/     767 : C9                          RET
    1479/     768 :                     ;
    1480/     768 : 7D                  SUBDE:  MOV  A,L                ;*** SUBDE ***
    1481/     769 : 93                          SUB  E                  ;SUBSTRACT DE FROM
    1482/     76A : 6F                          MOV  L,A                ;HL
    1483/     76B : 7C                          MOV  A,H
    1484/     76C : 9A                          SBB  D
    1485/     76D : 67                          MOV  H,A
    1486/     76E : C9                          RET
    1487/     76F :                     ;
    1488/     76F : 7C                  CHKSGN: MOV  A,H                ;*** CHKSGN ***
    1489/     770 : B7                          ORA  A                  ;CHECK SIGN OF HL
    1490/     771 : F0                          RP                      ;IF -, CHANGE SIGN
    1491/     772 : 3A 03 80                    LDA  USIGNF             ;IF UNSIGNED
    1492/     775 : B7                          ORA  A                  ;OPERATION
    1493/     776 : C0                          RNZ                     ;DON'T FLIP SIGN
    1494/     777 :                     ;
    1495/     777 : 7C                  CHGSGN: MOV  A,H                ;*** CHGSGN ***
    1496/     778 : 2F                          CMA                     ;CHANGE SIGN OF HL
    1497/     779 : 67                          MOV  H,A
    1498/     77A : 7D                          MOV  A,L
    1499/     77B : 2F                          CMA
    1500/     77C : 6F                          MOV  L,A
    1501/     77D : 23                          INX  H
    1502/     77E : 78                          MOV  A,B                ;AND ALSO FLIP B
    1503/     77F : EE 80                       XRI  80H
    1504/     781 : 47                          MOV  B,A
    1505/     782 : C9                          RET
    1506/     783 :                     ;
    1507/     783 : 7C                  CKHLDE: MOV  A,H
    1508/     784 : AA                          XRA  D                  ;SAME SIGN?
    1509/     785 : F2 90 07                    JP   CK1                ;YES, COMPARE
    1510/     788 : 3A 03 80                    LDA  USIGNF             ;IF UNSIGNED
    1511/     78B : B7                          ORA  A                  ;OPERATION
    1512/     78C : C2 90 07                    JNZ  CK1                ;DON'T EXCHG
    1513/     78F : EB                          XCHG                    ;NO, XCH AND COMP
    1514/     790 : E7                  CK1:    RST  4
    1515/     791 : C9                          RET
    1516/     792 :                     ;
    1517/     792 :                     ;*************************************************************
    1518/     792 :                     ;
    1519/     792 :                     ; *** SETVAL *** FIN *** ENDCHK *** & ERROR (& FRIENDS) ***
    1520/     792 :                     ;
    1521/     792 :                     ; "SETVAL" EXPECTS A VARIABLE, FOLLOWED BY AN EQUAL SIGN AND
    1522/     792 :                     ; THEN AN EXPR.  IT EVALUATES THE EXPR. AND SET THE VARIABLE
    1523/     792 :                     ; TO THAT VALUE.
    1524/     792 :                     ;
    1525/     792 :                     ; "FIN" CHECKS THE END OF A COMMAND.  IF IT ENDED WITH ":",
    1526/     792 :                     ; EXECUTION CONTINUES.  IF IT ENDED WITH A CR, IT FINDS THE
    1527/     792 :                     ; NEXT LINE AND CONTINUE FROM THERE.
    1528/     792 :                     ;
    1529/     792 :                     ; "ENDCHK" CHECKS IF A COMMAND IS ENDED WITH CR.  THIS IS
    1530/     792 :                     ; REQUIRED IN CERTAIN COMMANDS.  (GOTO, RETURN, AND STOP ETC.)
    1531/     792 :                     ;
    1532/     792 :                     ; "ERROR" PRINTS THE STRING POINTED BY DE (AND ENDS WITH CR).
    1533/     792 :                     ; IT THEN PRINTS THE LINE POINTED BY 'CURRNT' WITH A "?"
    1534/     792 :                     ; INSERTED AT WHERE THE OLD TEXT POINTER (SHOULD BE ON TOP
    1535/     792 :                     ; OF THE STACK) POINTS TO.  EXECUTION OF TB IS STOPPED
    1536/     792 :                     ; AND TBI IS RESTARTED.  HOWEVER, IF 'CURRNT' -> ZERO
    1537/     792 :                     ; (INDICATING A DIRECT COMMAND), THE DIRECT COMMAND IS NOT
    1538/     792 :                     ; PRINTED.  AND IF 'CURRNT' -> NEGATIVE # (INDICATING 'INPUT'
    1539/     792 :                     ; COMMAND), THE INPUT LINE IS NOT PRINTED AND EXECUTION IS
    1540/     792 :                     ; NOT TERMINATED BUT CONTINUED AT 'INPERR'.
    1541/     792 :                     ;
    1542/     792 :                     ; RELATED TO 'ERROR' ARE THE FOLLOWING:
    1543/     792 :                     ; 'QWHAT' SAVES TEXT POINTER IN STACK AND GET MESSAGE "WHAT?"
    1544/     792 :                     ; 'AWHAT' ASSUMES THAT TEXT PTR IS ALREADY PUSHED TO STACK BY
    1545/     792 :                     ; WHATEVER CODE THAT EXECUTED IMMEDIATELY PRIOR ERROR OCCURRED.
    1546/     792 :                     ; 'QSORRY' AND 'ASORRY' DO SAME KIND OF THING.
    1547/     792 :                     ; 'AHOW' AND 'AHOW' IN THE ZERO PAGE SECTION ALSO DO THIS.
    1548/     792 :                     ; ALL THE WHATS, HOWS AND SORRYS SHALL BE ACCESSED USING A
    1549/     792 :                     ; SUBROUTINE CALL INSTEAD OF OLD VERSIONS OF TBI USING JUMP.
    1550/     792 :                     ; 'ERRADR' RETREIVES CALL ADDRESS OF THE ASSEMBLY INSTRUCTION
    1551/     792 :                     ; THAT CAUSED ERROR AND PRINTS THE LINE NUMBER AS HEXADECIMAL.
    1552/     792 :                     ;
    1553/     792 : CD 4D 00            SETVAL: CALL TSTV               ;*** SETVAL ***
    1554/     795 : DC C6 07                    CC   QWHAT              ;"WHAT?" NO VARIABLE
    1555/     798 : E5                          PUSH H                  ;SAVE ADDRESS OF VAR.
    1556/     799 : CF                          RST  1                  ;PASS "=" SIGN
    1557/     79A : 3D                          DB   '='
    1558/     79B : 08                          DB   SV1-$-1
    1559/     79C : DF                          RST  3                  ;EVALUATE EXPR.
    1560/     79D : 44                          MOV  B,H                ;VALUE IS IN BC NOW
    1561/     79E : 4D                          MOV  C,L
    1562/     79F : E1                          POP  H                  ;GET ADDRESS
    1563/     7A0 : 71                          MOV  M,C                ;SAVE VALUE
    1564/     7A1 : 23                          INX  H
    1565/     7A2 : 70                          MOV  M,B
    1566/     7A3 : C9                          RET
    1567/     7A4 : CD C6 07            SV1:    CALL QWHAT              ;NO "=" SIGN
    1568/     7A7 :                     ;
    1569/     7A7 : CF                  FIN:    RST  1                  ;*** FIN ***
    1570/     7A8 : 3A                          DB   ':'
    1571/     7A9 : 04                          DB   FI1-$-1
    1572/     7AA : F1                          POP  PSW                ;":", PURGE RET. ADDR.
    1573/     7AB : C3 C6 01                    JMP  RUNSML             ;CONTINUE SAME LINE
    1574/     7AE : CF                  FI1:    RST  1                  ;NOT ":", IS IT CR?
    1575/     7AF : 0D                          DB   CR
    1576/     7B0 : 04                          DB   FI2-$-1
    1577/     7B1 : F1                          POP  PSW                ;YES, PURGE RET. ADDR.
    1578/     7B2 : C3 B6 01                    JMP  RUNNXL             ;RUN NEXT LINE
    1579/     7B5 : C9                  FI2:    RET                     ;ELSE RETURN TO CALLER
    1580/     7B6 :                     ;
    1581/     7B6 : EF                  ENDCHK: RST  5                  ;*** ENDCHK ***
    1582/     7B7 : FE 0D                       CPI  CR                 ;END WITH CR?
    1583/     7B9 : C8                          RZ                      ;OK, ELSE SAY: "WHAT?"
    1584/     7BA : CD C6 07                    CALL QWHAT
    1585/     7BD :                     ;
    1586/     7BD : EF                  SKPCOM: RST  5                  ;*** SKPCOM ***
    1587/     7BE : FE 2C                       CPI  ','                ;NEXT NON BLANK MAY BE COMMA
    1588/     7C0 : C0                          RNZ                     ;IF NOT JUST RETURN, ELSE
    1589/     7C1 : 13                          INX  D                  ;SKIP TO NEXT CHAR IN BUF
    1590/     7C2 : C9                          RET
    1591/     7C3 :                     ;                               ;*** AWHAT ***
    1592/     7C3 : E1                  AWHAT:  POP  H                  ; PC TO HL,(DE)IS TOP OF STK
    1593/     7C4 : E3                          XTHL                    ;(DE)TO HL, PC BACK ON STACK
    1594/     7C5 : EB                          XCHG                    ;(DE)IS BACK IN DE, HL JUNK
    1595/     7C6 : D5                  QWHAT:  PUSH D                  ;*** QWHAT ***
    1596/     7C7 : 11 0C 01                    LXI  D,WHAT
    1597/     7CA : 3E 0D               ERROR:  MVI  A,CR               ;*** ERROR ***
    1598/     7CC : CD 21 09                    CALL PRTSTG             ;PRINT 'WHAT?', 'HOW?'
    1599/     7CF : D1                          POP  D                  ;OR 'SORRY'
    1600/     7D0 :                     ;                               ;*** ERRADR ***
    1601/     7D0 : E1                          POP  H                  ;GET CALLERS ADDR TO HL
    1602/     7D1 : 2B                          DCX  H                  ;WE WANT ADDRESS
    1603/     7D2 : 2B                          DCX  H                  ;OF THE CALL OPERAND
    1604/     7D3 : 2B                          DCX  H                  ;DIFF IS THREE BYTES
    1605/     7D4 : 3E 5B                       MVI  A,'['              ;PRINT OPENING BRACE
    1606/     7D6 : D7                          RST  2                  ;FOR READABILIY
    1607/     7D7 : CD D3 09                    CALL PRTWD              ;PRINT THE ADDRESS
    1608/     7DA : 3E 5D                       MVI  A,']'              ;PRINT CLOSING BRACE
    1609/     7DC : D7                          RST  2                  ;AROUND ADDRESS
    1610/     7DD : 3E 0D                       MVI  A,CR               ;END WITH A CR+LF
    1611/     7DF : D7                          RST  2                  ;AND CONTINUE ERR HANDLER
    1612/     7E0 :                     ;
    1613/     7E0 : 1A                          LDAX D                  ;SAVE THE CHARACTER
    1614/     7E1 : F5                          PUSH PSW                ;AT WHERE OLD DE ->
    1615/     7E2 : 97                          SUB  A                  ;AND PUT A 0 THERE
    1616/     7E3 : 12                          STAX D
    1617/     7E4 : 2A 06 80                    LHLD CURRNT             ;GET CURRENT LINE #
    1618/     7E7 : E5                          PUSH H
    1619/     7E8 : 7E                          MOV  A,M                ;CHECK THE VALUE
    1620/     7E9 : 23                          INX  H
    1621/     7EA : B6                          ORA  M
    1622/     7EB : CA 04 08                    JZ   ERR1               ;IF ZERO IT'S DIRECT MODE
    1623/     7EE : D1                          POP  D                  ;DE -> CURRENT LINE
    1624/     7EF : 7E                          MOV  A,M                ;IF NEGATIVE,
    1625/     7F0 : B7                          ORA  A
    1626/     7F1 : FA 85 04                    JM   INPERR             ;REDO INPUT
    1627/     7F4 : CD AB 09                    CALL PRTLN              ;ELSE PRINT THE LINE
    1628/     7F7 : 1B                          DCX  D                  ;UPTO WHERE THE 0 IS
    1629/     7F8 : F1                          POP  PSW                ;RESTORE THE CHARACTER
    1630/     7F9 : 12                          STAX D
    1631/     7FA : 3E 3F                       MVI  A,'?'              ;PRINT A "?"
    1632/     7FC : D7                          RST  2
    1633/     7FD : 97                          SUB  A                  ;AND THE REST OF THE
    1634/     7FE : CD 21 09                    CALL PRTSTG             ;LINE
    1635/     801 : C3 2D 01                    JMP  RSTART             ;THEN RESTART
    1636/     804 : E1                  ERR1:   POP  H
    1637/     805 : F1                          POP  PSW                ;RESTORE THE CHARACTER
    1638/     806 : 12                          STAX D                  ;WHERE THE NULL WAS PUT
    1639/     807 : C3 2D 01                    JMP  RSTART
    1640/     80A :                     ;                               ;*** ASORRY ***
    1641/     80A : E1                  ASORRY: POP  H                  ; PC TO HL,(DE)IS TOP OF STK
    1642/     80B : E3                          XTHL                    ;(DE)TO HL, PC BACK ON STACK
    1643/     80C : EB                          XCHG                    ;(DE)IS BACK IN DE, HL JUNK
    1644/     80D : D5                  QSORRY: PUSH D                  ;*** QSORRY ***
    1645/     80E : 11 13 01                    LXI  D,SORRY
    1646/     811 : C3 CA 07                    JMP  ERROR
    1647/     814 :                     ;
    1648/     814 :                     ;*************************************************************
    1649/     814 :                     ;
    1650/     814 :                     ; *** GETLN *** FNDLN (& FRIENDS) ***
    1651/     814 :                     ;
    1652/     814 :                     ; 'GETLN' READS A INPUT LINE INTO 'BUFFER'.  IT FIRST PROMPT
    1653/     814 :                     ; THE CHARACTER IN A (GIVEN BY THE CALLER), THEN IT FILLS
    1654/     814 :                     ; THE BUFFER AND ECHOS.  IT IGNORES LF'S AND NULLS, BUT STILL
    1655/     814 :                     ; ECHOS THEM BACK.  BACKSPACE IS USED TO CAUSE IT TO DELETE
    1656/     814 :                     ; THE LAST CHARACTER (IF THERE IS ONE).
    1657/     814 :                     ; CR SIGNALS THE END OF A LINE, AND CAUSE 'GETLN' TO RETURN.
    1658/     814 :                     ;
    1659/     814 :                     ; 'FNDLN' FINDS A LINE WITH A GIVEN LINE # (IN HL) IN THE
    1660/     814 :                     ; TEXT SAVE AREA.  DE IS USED AS THE TEXT POINTER.  IF THE
    1661/     814 :                     ; LINE IS FOUND, DE WILL POINT TO THE BEGINNING OF THAT LINE
    1662/     814 :                     ; (I.E., THE LOW BYTE OF THE LINE #), AND FLAGS ARE NC & Z.
    1663/     814 :                     ; IF THAT LINE IS NOT THERE AND A LINE WITH A HIGHER LINE #
    1664/     814 :                     ; IS FOUND, DE POINTS TO THERE AND FLAGS ARE NC & NZ.  IF
    1665/     814 :                     ; WE REACHED THE END OF TEXT SAVE AREA AND CANNOT FIND THE
    1666/     814 :                     ; LINE, FLAGS ARE C & NZ.
    1667/     814 :                     ; 'FNDLN' WILL INITIALIZE DE TO THE BEGINNING OF THE TEXT SAVE
    1668/     814 :                     ; AREA TO START THE SEARCH.  SOME OTHER ENTRIES OF THIS
    1669/     814 :                     ; ROUTINE WILL NOT INITIALIZE DE AND DO THE SEARCH.
    1670/     814 :                     ; 'FNDLNP' WILL START WITH DE AND SEARCH FOR THE LINE #.
    1671/     814 :                     ; 'FNDNXT' WILL BUMP DE BY 2, FIND A CR AND THEN START SEARCH.
    1672/     814 :                     ; 'FNDSKP' USE DE TO FIND A CR, AND THEN START SEARCH.
    1673/     814 :                     ;
    1674/     814 :                     ; Insert  ESC[1~
    1675/     814 :                     ; Home    ESC[2~
    1676/     814 :                     ; PgUp    ESC[3~
    1677/     814 :                     ; Delete  ESC[4~
    1678/     814 :                     ; End     ESC[5~
    1679/     814 :                     ; PgDn    ESC[6~
    1680/     814 :                     ; Arrow U ESC[A
    1681/     814 :                     ; Arrow D ESC[B
    1682/     814 :                     ; Arrow R ESC[C
    1683/     814 :                     ; Arrow L ESC[D
    1684/     814 :                     ;
    1685/     814 : D7                  GETLN:  RST  2                  ;*** GETLN ***
    1686/     815 : 11 36 BF                    LXI  D,BUFFER           ;PROMPT AND INIT.
    1687/     818 : 42                  EDITLN: MOV  B,D                ;USE (BC) AS INSERT PTR
    1688/     819 : 4B                          MOV  C,E                ;AND (DE) AS LENGTH PTR
    1689/     81A : CD DF 0A            GL1:    CALL INCHR              ;WAIT FOR CHR RCVD
    1690/     81D : FE 0D                       CPI  CR                 ;WAS IT CR?
    1691/     81F : C2 26 08                    JNZ  GL2                ;NO, CHECK WHAT ELSE
    1692/     822 : D7                          RST  2                  ;ECHO CR AND AUTO LF
    1693/     823 : 12                          STAX D                  ;SAVE CR AT BUF.END
    1694/     824 : 13                          INX  D                  ;AND BUMP POINTER
    1695/     825 : C9                          RET                     ;END OF LINE
    1696/     826 : FE 08               GL2:    CPI  BS                 ;DELETE LAST CHARACTER?
    1697/     828 : C2 33 08                    JNZ  GL3                ;NO, CHECK WHAT ELSE
    1698/     82B : E5                          PUSH H                  ;DUMMY SAVE HL
    1699/     82C : 21 1A 08                    LXI  H,GL1              ;GET DESIRED RETURN ADDR
    1700/     82F : E3                          XTHL                    ;PUT IT ON STACK
    1701/     830 : C3 D0 08                    JMP  BACKSP             ;DO BACKSPACE
    1702/     833 : FE 1B               GL3:    CPI  ESC                ;ESCAPE SEQ?
    1703/     835 : C2 68 08                    JNZ  GL4                ;NO, CHECK WHAT ELSE
    1704/     838 : CD DF 0A                    CALL INCHR              ;GET NEXT CHAR IN ESC SEQ.
    1705/     83B : FE 5B                       CPI  '['                ;SHOULD BE [
    1706/     83D : C2 6D 08                    JNZ  GL5                ;ELSE GO ON AND ECHO
    1707/     840 : E5                          PUSH H                  ;DUMMY SAVE HL
    1708/     841 : 21 1A 08                    LXI  H,GL1              ;GET DESIRED RETURN ADDR
    1709/     844 : E3                          XTHL                    ;PUT IT ON STACK
    1710/     845 : CD DF 0A                    CALL INCHR              ;GET NEXT CHAR
    1711/     848 : FE 44                       CPI  'D'                ;LEFT ARROW?
    1712/     84A : CA AC 08                    JZ   ALEFT              ;JMP AND RETURN TO GL1
    1713/     84D : FE 43                       CPI  'C'                ;RIGHT ARROW?
    1714/     84F : CA B6 08                    JZ   ARIGHT             ;JMP AND RETURN TO GL1
    1715/     852 : FE 42                       CPI  'B'                ;DOWN ARROW?
    1716/     854 : CA BE 08                    JZ   AUPDN              ;JMP AND RETURN TO GL1
    1717/     857 : FE 41                       CPI  'A'                ;UP ARROW?
    1718/     859 : CA BE 08                    JZ   AUPDN              ;JMP AND RETURN TO GL1
    1719/     85C : FE 34                       CPI  '4'                ;POSSIBLE DELETE KEY?
    1720/     85E : C0                          RNZ                     ;IF NOT RETURN TO GL1
    1721/     85F : CD DF 0A                    CALL INCHR              ;GET NEXT CHAR
    1722/     862 : FE 7E                       CPI  '~'                ;SHOULD BE ~ FOR DELETE
    1723/     864 : C0                          RNZ                     ;IF NOT RETURN TO GL1
    1724/     865 : C3 D7 08                    JMP  DELETE             ;JMP AND RETURN TO GL1
    1725/     868 : FE 20               GL4:    CPI  ' '                ;CHECK IF PRINTABLE CHAR
    1726/     86A : DA 1A 08                    JC   GL1                ;IF NOT GO BACK
    1727/     86D : FE 61               GL5:    CPI  'a'                ;CHECK IF LOWER CASE
    1728/     86F : DA 79 08                    JC   INSERT             ;IT WAS BELOW ASCII 'a'
    1729/     872 : FE 7B                       CPI  'z'+1              ;CHARACTERS a TO z
    1730/     874 : D2 79 08                    JNC  INSERT             ;IT WAS ABOVE ASCII 'z'
    1731/     877 : D6 20                       SUI  'a'-'A'            ;CONVERT LOWER TO UPPER
    1732/     879 : 60                  INSERT: MOV  H,B                ;COPY BUF.INSERT POS
    1733/     87A : 69                          MOV  L,C                ;TO HL AS TMP.PTR
    1734/     87B : F5                  INS1:   PUSH PSW                ;SAVE OUR CHAR TO INSERT
    1735/     87C : 7E                          MOV  A,M                ;GET THE CHAR TO BUMP
    1736/     87D : 12                          STAX D                  ;SAVE FOR NEXT LOOP
    1737/     87E : F1                          POP  PSW                ;RESTORE CHAR FOR INSERT
    1738/     87F : D7                          RST  2                  ;OUT TO TERMINAL
    1739/     880 : 77                          MOV  M,A                ;AND PUT TO BUF
    1740/     881 : E7                          RST  4                  ;COMP TMPPTR(HL) BUFLEN(DE)
    1741/     882 : 1A                          LDAX D                  ;RESTORE NEXT CHAR
    1742/     883 : CA 8A 08                    JZ   INS2               ;INSERT WAS ON LAST POS
    1743/     886 : 23                          INX  H                  ;ELSE BUMP INSERT PTR
    1744/     887 : C3 7B 08                    JMP  INS1               ;AND LOOP THROUGH BUFFER
    1745/     88A : E5                  INS2:   PUSH H                  ;SAVE TMP.PTR
    1746/     88B : (MACRO)                     DSUB                    ;COMP WITH INS.PTR(BC)
    1746/     88B : 08                          DB    08H
    1747/     88C : E1                          POP  H                  ;RESTORE
    1748/     88D : CA 97 08                    JZ   INS3               ;TMP.PTR IS AT INSERT POS
    1749/     890 : 3E 08                       MVI  A,08H              ;ELSE USE BACKSPACE TO
    1750/     892 : D7                          RST  2                  ;BUMP BACK CURSOR
    1751/     893 : 2B                          DCX  H                  ;AND LET PTR FOLLOW
    1752/     894 : C3 8A 08                    JMP  INS2               ;LOOP UNTIL DONE
    1753/     897 : 03                  INS3:   INX  B                  ;BUMP INSERT PTR
    1754/     898 : 13                          INX  D                  ;AND BUFLEN PTR
    1755/     899 : 21 80 BF                    LXI  H,BUFEND           ;END OF BUFFER IS LIMIT
    1756/     89C : E7                          RST  4                  ;COMP LIMIT WITH BUFLEN(DE)
    1757/     89D : C2 A1 08                    JNZ  INS4               ;DID NOT HIT LIMIT
    1758/     8A0 : 1B                          DCX  D                  ;ELSE PULL BACK ONE STEP
    1759/     8A1 : (MACRO)             INS4:   DSUB                    ;COMP LIMIT WITH INSERT(BC)
    1759/     8A1 : 08                          DB    08H
    1760/     8A2 : C2 1A 08                    JNZ  GL1                ;DID NOT HIT LIMIT
    1761/     8A5 : 0B                          DCX  B                  ;ELSE PULL BACK ONE STEP
    1762/     8A6 : 3E 08                       MVI  A,08H              ;AND USE BACKSPACE TO
    1763/     8A8 : D7                          RST  2                  ;BUMP BACK CURSOR
    1764/     8A9 : C3 1A 08                    JMP  GL1
    1765/     8AC :                     ;
    1766/     8AC : 21 36 BF            ALEFT:  LXI  H,BUFFER           ;TMP PTR TO START OF BUF
    1767/     8AF : (MACRO)                     DSUB                    ;COMPARE WITH INSERT PTR
    1767/     8AF : 08                          DB    08H
    1768/     8B0 : C8                          RZ                      ;QUIT IF PTR IS AT FIRST POS
    1769/     8B1 : 0B                          DCX  B                  ;ELSE DECREMENT INSERT PTR
    1770/     8B2 : 3E 08                       MVI  A,08H              ;BACKSPACE CURSOR ONE POS
    1771/     8B4 : D7                          RST  2                  ;OUT TO TERMINAL
    1772/     8B5 : C9                          RET
    1773/     8B6 :                     ;
    1774/     8B6 : 62                  ARIGHT: MOV  H,D                ;COPY BUFLEN PTR
    1775/     8B7 : 6B                          MOV  L,E                ;TO HL AS TMP
    1776/     8B8 : (MACRO)                     DSUB                    ;COMPARE WITH INSERT PTR
    1776/     8B8 : 08                          DB    08H
    1777/     8B9 : C8                          RZ                      ;QUIT IF PTR IS AT LAST POS
    1778/     8BA : 0A                          LDAX B                  ;ELSE MOVE CURSOR BY
    1779/     8BB : D7                          RST  2                  ;PRINTING CURRENT CHAR
    1780/     8BC : 03                          INX  B                  ;BUMP INSERT PTR ONE STEP
    1781/     8BD : C9                          RET
    1782/     8BE :                     ;
    1783/     8BE : 21 36 BF            AUPDN:  LXI  H,BUFFER           ;TMP PTR TO START OF BUF
    1784/     8C1 : E7                          RST  4                  ;COMP START WITH BUFLEN (DE)
    1785/     8C2 : C0                          RNZ                     ;QUIT IF BUFFER NOT EMPTY
    1786/     8C3 : 7E                          MOV  A,M                ;GET FIRST CHAR OF OLD BUFF
    1787/     8C4 : FE 40                       CPI  '@'                ;ONLY ALLOW REPETITION OF
    1788/     8C6 : D8                          RC                      ;DIRECT CMDS AND STATEMENTS
    1789/     8C7 : 3E 0D                       MVI  A,CR               ;STOP PRINT WHEN CR FOUND
    1790/     8C9 : CD 21 09                    CALL PRTSTG             ;PRINT OLD BUF WITHOUT CR
    1791/     8CC : 1B                          DCX  D                  ;BACK UP BUF PTR TO CR POS
    1792/     8CD : 42                          MOV  B,D                ;COPY BUFFER POSITION
    1793/     8CE : 4B                          MOV  C,E                ;TO INSERT POINTER(BC)
    1794/     8CF : C9                          RET
    1795/     8D0 :                     ;
    1796/     8D0 : CD AC 08            BACKSP: CALL ALEFT              ;COMPARE WITH INSERT PTR
    1797/     8D3 : C8                          RZ                      ;QUIT IF PTR IS AT FIRST POS
    1798/     8D4 : C3 DB 08                    JMP  DEL1               ;CONTINUE AS IF DELETE
    1799/     8D7 : 62                  DELETE: MOV  H,D                ;COPY BUFLEN
    1800/     8D8 : 6B                          MOV  L,E                ;TO HL
    1801/     8D9 : (MACRO)                     DSUB                    ;COMPARE WITH INSERT PTR
    1801/     8D9 : 08                          DB    08H
    1802/     8DA : C8                          RZ                      ;QUIT IF PTR IS AT LAST POS
    1803/     8DB : 60                  DEL1:   MOV  H,B                ;COPY BUF.INSERT
    1804/     8DC : 69                          MOV  L,C                ;TO HL AS TMP.PTR
    1805/     8DD : 23                  DEL2:   INX  H                  ;BUMP ONE STEP AHEAD
    1806/     8DE : E7                          RST  4                  ;COMP TMPPTR(HL) BUFLEN(DE)
    1807/     8DF : CA EA 08                    JZ   DEL3               ;GO AND WRAP UP
    1808/     8E2 : 7E                          MOV  A,M                ;GET NEXT CHAR IN BUF
    1809/     8E3 : 2B                          DCX  H                  ;BUMP ONE STEP BACK
    1810/     8E4 : 77                          MOV  M,A                ;AND OVERWRITE CHAR IN POS
    1811/     8E5 : 23                          INX  H                  ;BUMP FWD AGAIN
    1812/     8E6 : D7                          RST  2                  ;AND OUT TO TERMINAL
    1813/     8E7 : C3 DD 08                    JMP  DEL2               ;LOOP UNTIL READY
    1814/     8EA : 3E 20               DEL3:   MVI  A,' '              ;PRINT SPACE TO ERASE
    1815/     8EC : D7                          RST  2                  ;WHATEVER CHAR IS ON TERM.
    1816/     8ED : 3E 08               DEL4:   MVI  A,08H              ;USE BACKSPACE TO
    1817/     8EF : D7                          RST  2                  ;BUMP BACK CURSOR
    1818/     8F0 : 2B                          DCX  H                  ;AND LET PTR FOLLOW
    1819/     8F1 : E5                          PUSH H                  ;SAVE TMP.PTR
    1820/     8F2 : (MACRO)                     DSUB                    ;COMP WITH INS.PTR(BC)
    1820/     8F2 : 08                          DB    08H
    1821/     8F3 : E1                          POP  H                  ;RESTORE
    1822/     8F4 : C2 ED 08                    JNZ  DEL4               ;LOOP UNTIL REACH POS
    1823/     8F7 : 1B                          DCX  D                  ;BUFLEN IS NOW ONE LESS
    1824/     8F8 : C9                          RET                     ;DONE
    1825/     8F9 :                     ;
    1826/     8F9 : 7C                  FNDLN:  MOV  A,H                ;*** FNDLN ***
    1827/     8FA : B7                          ORA  A                  ;CHECK SIGN OF HL
    1828/     8FB : FC FC 00                    CM   QHOW               ;IT CANNOT BE -
    1829/     8FE : 11 1C 80                    LXI  D,TXTBGN           ;INIT TEXT POINTER
    1830/     901 :                     ;
    1831/     901 :                     FNDLP:                          ;*** FDLNP ***
    1832/     901 : E5                  FL1:    PUSH H                  ;SAVE LINE #
    1833/     902 : 2A 1A 80                    LHLD TXTUNF             ;CHECK IF WE PASSED END
    1834/     905 : 2B                          DCX  H
    1835/     906 : E7                          RST  4
    1836/     907 : E1                          POP  H                  ;GET LINE # BACK
    1837/     908 : D8                          RC                      ;C,NZ PASSED END
    1838/     909 : 1A                          LDAX D                  ;WE DID NOT, GET BYTE 1
    1839/     90A : 95                          SUB  L                  ;IS THIS THE LINE?
    1840/     90B : 47                          MOV  B,A                ;COMPARE LOW ORDER
    1841/     90C : 13                          INX  D
    1842/     90D : 1A                          LDAX D                  ;GET BYTE 2
    1843/     90E : 9C                          SBB  H                  ;COMPARE HIGH ORDER
    1844/     90F : DA 16 09                    JC   FL2                ;NO, NOT THERE YET
    1845/     912 : 1B                          DCX  D                  ;ELSE WE EITHER FOUND
    1846/     913 : B0                          ORA  B                  ;IT, OR IT IS NOT THERE
    1847/     914 : C9                          RET                     ;NC,Z:FOUND, NC,NZ:NO
    1848/     915 :                     ;
    1849/     915 :                     FNDNXT:                         ;*** FNDNXT ***
    1850/     915 : 13                          INX  D                  ;FIND NEXT LINE
    1851/     916 : 13                  FL2:    INX  D                  ;JUST PASSED BYTE 1 & 2
    1852/     917 :                     ;
    1853/     917 : 1A                  FNDSKP: LDAX D                  ;*** FNDSKP ***
    1854/     918 : FE 0D                       CPI  CR                 ;TRY TO FIND CR
    1855/     91A : C2 16 09                    JNZ  FL2                ;KEEP LOOKING
    1856/     91D : 13                          INX  D                  ;FOUND CR, SKIP OVER
    1857/     91E : C3 01 09                    JMP  FL1                ;CHECK IF END OF TEXT
    1858/     921 :                     ;
    1859/     921 :                     ;*************************************************************
    1860/     921 :                     ;
    1861/     921 :                     ; *** PRTSTG *** QTSTG *** PRTNUM *** & PRTLN ***
    1862/     921 :                     ;
    1863/     921 :                     ; 'PRTSTG' PRINTS A STRING POINTED BY DE.  IT STOPS PRINTING
    1864/     921 :                     ; AND RETURNS TO CALLER WHEN EITHER A CR IS PRINTED OR WHEN
    1865/     921 :                     ; THE NEXT BYTE IS THE SAME AS WHAT WAS IN A (GIVEN BY THE
    1866/     921 :                     ; CALLER).  OLD A IS STORED IN B, OLD B IS LOST.
    1867/     921 :                     ;
    1868/     921 :                     ; 'QTSTG' LOOKS FOR A BACK-SLASH, SINGLE QUOTE, OR DOUBLE
    1869/     921 :                     ; QUOTE.  IF NONE OF THESE, RETURN TO CALLER.  IF BACK-SLASH,
    1870/     921 :                     ; OUTPUT ASCII OF FOLLOWING NUMBER. IF SINGLE OR DOUBLE QUOTE,
    1871/     921 :                     ; PRINT THE STRING IN THE QUOTE AND DEMAND A MATCHING UNQUOTE.
    1872/     921 :                     ; AFTER THE PRINTING THE NEXT 3 BYTES OF THE CALLER IS SKIPPED
    1873/     921 :                     ; OVER (USUALLY A JUMP INSTRUCTION.
    1874/     921 :                     ;
    1875/     921 :                     ; 'PRTNUM' PRINTS THE NUMBER IN HL.  LEADING BLANKS ARE ADDED
    1876/     921 :                     ; IF NEEDED TO PAD THE NUMBER OF SPACES TO THE NUMBER IN C.
    1877/     921 :                     ; HOWEVER, IF THE NUMBER OF DIGITS IS LARGER THAN THE # IN
    1878/     921 :                     ; C, ALL DIGITS ARE PRINTED ANYWAY.  NEGATIVE SIGN IS ALSO
    1879/     921 :                     ; PRINTED AND COUNTED IN, POSITIVE SIGN IS NOT.  IF REGISTER
    1880/     921 :                     ; C IS NEGATIVE, NUMBER IS PRINTED IN HEXADECIMAL.
    1881/     921 :                     ;
    1882/     921 :                     ; 'PRTLN' PRINTS A SAVED TEXT LINE WITH LINE # AND ALL.
    1883/     921 :                     ;
    1884/     921 : 47                  PRTSTG: MOV  B,A                ;*** PRTSTG ***
    1885/     922 : 1A                  PS1:    LDAX D                  ;GET A CHARACTER
    1886/     923 : 13                          INX  D                  ;BUMP POINTER
    1887/     924 : B8                          CMP  B                  ;SAME AS OLD A?
    1888/     925 : C8                          RZ                      ;YES, RETURN
    1889/     926 : D7                          RST  2                  ;ELSE PRINT IT
    1890/     927 : FE 0D                       CPI  CR                 ;WAS IT A CR?
    1891/     929 : C2 22 09                    JNZ  PS1                ;NO, NEXT
    1892/     92C : C9                          RET                     ;YES, RETURN
    1893/     92D :                     ;
    1894/     92D : CF                  QTSTG:  RST  1                  ;*** QTSTG ***
    1895/     92E : 22                          DB   '"'
    1896/     92F : 0F                          DB   QT3-$-1
    1897/     930 : 3E 22                       MVI  A,'"'              ;IT IS A "
    1898/     932 : CD 21 09            QT1:    CALL PRTSTG             ;PRINT UNTIL ANOTHER
    1899/     935 : FE 0D                       CPI  CR                 ;WAS LAST ONE A CR?
    1900/     937 : E1                          POP  H                  ;RETURN ADDRESS
    1901/     938 : CA B6 01                    JZ   RUNNXL             ;WAS CR, RUN NEXT LINE
    1902/     93B : 23                  QT2:    INX  H                  ;SKIP 3 BYTES ON RETURN
    1903/     93C : 23                          INX  H
    1904/     93D : 23                          INX  H
    1905/     93E : E9                          PCHL                    ;RETURN
    1906/     93F : CF                  QT3:    RST  1                  ;IS IT A '
    1907/     940 : 27                          DB   27H
    1908/     941 : 05                          DB   QT4-$-1
    1909/     942 : 3E 27                       MVI  A,27H              ;YES, DO THE SAME
    1910/     944 : C3 32 09                    JMP  QT1                ;AS IN "
    1911/     947 : CF                  QT4:    RST  1                  ;IS IT BACK-SLASH?
    1912/     948 : 5C                          DB   '\\'
    1913/     949 : 1B                          DB   QT5-$-1
    1914/     94A : DB 11               QT6:    IN   UARTC              ;YES, CR WITHOUT LF
    1915/     94C : E6 01                       ANI  1H                 ;STATUS BIT
    1916/     94E : CA 4A 09                    JZ   QT6                ;NOT READY, WAIT
    1917/     951 : CD 8C 00                    CALL TSTNUM             ;GET SUCCEEDING NUMBER
    1918/     954 : 78                          MOV  A,B                ;B IS NUMBER OF DIGITS
    1919/     955 : B7                          ORA  A                  ;DID WE GET ANY DIGITS
    1920/     956 : CC FC 00                    CZ   QHOW               ;IF NOT, ERROR
    1921/     959 : 7C                          MOV  A,H                ;ACCEPT ONLY
    1922/     95A : B7                          ORA  A                  ;ASCII 0..255
    1923/     95B : C4 FC 00                    CNZ  QHOW               ;ERROR IF HL > 255
    1924/     95E : 7D                          MOV  A,L                ;PUT CHAR IN ACC
    1925/     95F : D3 10                       OUT  UARTD              ;AND SEND IT OUT
    1926/     961 : E1                          POP  H                  ;RETURN ADDRESS
    1927/     962 : C3 3B 09                    JMP  QT2
    1928/     965 : C9                  QT5:    RET                     ;NONE OF ABOVE
    1929/     966 :                     ;
    1930/     966 : 06 00               PRTNUM: MVI  B,0                ;*** PRTNUM ***
    1931/     968 : 79                          MOV  A,C                ;CHECK SIGN OF C
    1932/     969 : B7                          ORA  A                  ;NEGATIVE MEANS
    1933/     96A : FA BE 09                    JM  PRTHEX              ;HEXA, ELSE DECIMAL
    1934/     96D : CD 6F 07                    CALL CHKSGN             ;CHECK SIGN
    1935/     970 : F2 76 09                    JP   PN1                ;NO SIGN
    1936/     973 : 06 2D                       MVI  B,'-'              ;B=SIGN
    1937/     975 : 0D                          DCR  C                  ;'-' TAKES SPACE
    1938/     976 : D5                  PN1:    PUSH D                  ;SAVE
    1939/     977 : 11 0A 00                    LXI  D,0AH              ;DECIMAL
    1940/     97A : D5                          PUSH D                  ;SAVE AS A FLAG
    1941/     97B : 0D                          DCR  C                  ;C=SPACES
    1942/     97C : C5                          PUSH B                  ;SAVE SIGN & SPACE
    1943/     97D : CD 52 07            PN2:    CALL DIVIDE             ;DIVIDE HL BY 10
    1944/     980 : 78                          MOV  A,B                ;RESULT 0?
    1945/     981 : B1                          ORA  C
    1946/     982 : CA 8D 09                    JZ   PN3                ;YES, WE GOT ALL
    1947/     985 : E3                          XTHL                    ;NO, SAVE REMAINDER
    1948/     986 : 2D                          DCR  L                  ;AND COUNT SPACE
    1949/     987 : E5                          PUSH H                  ;HL IS OLD BC
    1950/     988 : 60                          MOV  H,B                ;MOVE RESULT TO BC
    1951/     989 : 69                          MOV  L,C
    1952/     98A : C3 7D 09                    JMP  PN2                ;AND DIVIDE BY 10
    1953/     98D : C1                  PN3:    POP  B                  ;WE GOT ALL DIGITS IN
    1954/     98E : 0D                  PN4:    DCR  C                  ;THE STACK
    1955/     98F : 79                          MOV  A,C                ;LOOK AT SPACE COUNT
    1956/     990 : B7                          ORA  A
    1957/     991 : FA 9A 09                    JM   PN5                ;NO LEADING BLANKS
    1958/     994 : 3E 20                       MVI  A,' '              ;LEADING BLANKS
    1959/     996 : D7                          RST  2
    1960/     997 : C3 8E 09                    JMP  PN4                ;MORE?
    1961/     99A : 78                  PN5:    MOV  A,B                ;PRINT SIGN
    1962/     99B : B7                          ORA  A
    1963/     99C : C4 10 00                    CNZ  OUTC
    1964/     99F : 5D                          MOV  E,L                ;LAST REMAINDER IN E
    1965/     9A0 : 7B                  PN6:    MOV  A,E                ;CHECK DIGIT IN E
    1966/     9A1 : FE 0A                       CPI  0AH                ;10 IS FLAG FOR NO MORE
    1967/     9A3 : D1                          POP  D
    1968/     9A4 : C8                          RZ                      ;IF SO, RETURN
    1969/     9A5 : C6 30                       ADI  '0'                ;ELSE CONVERT TO ASCII
    1970/     9A7 : D7                          RST  2                  ;AND PRINT THE DIGIT
    1971/     9A8 : C3 A0 09                    JMP  PN6                ;GO BACK FOR MORE
    1972/     9AB :                     ;
    1973/     9AB : 1A                  PRTLN:  LDAX D                  ;*** PRTLN ***
    1974/     9AC : 6F                          MOV  L,A                ;LOW ORDER LINE #
    1975/     9AD : 13                          INX  D
    1976/     9AE : 1A                          LDAX D                  ;HIGH ORDER
    1977/     9AF : 67                          MOV  H,A
    1978/     9B0 : 13                          INX  D
    1979/     9B1 : 0E 04                       MVI  C,4H               ;PRINT 4 DIGIT LINE #
    1980/     9B3 : CD 66 09                    CALL PRTNUM
    1981/     9B6 : 3E 20                       MVI  A,' '              ;FOLLOWED BY A BLANK
    1982/     9B8 : D7                          RST  2
    1983/     9B9 : 97                          SUB  A                  ;AND THEN THE NEXT
    1984/     9BA : CD 21 09                    CALL PRTSTG
    1985/     9BD : C9                          RET
    1986/     9BE :                     ;
    1987/     9BE : 79                  PRTHEX: MOV  A,C                ;*** PRTHEX ***
    1988/     9BF : FE FE                       CPI  0FEH               ;(-2) TWO DIGIT FORMAT
    1989/     9C1 : CA D7 09                    JZ   PRTBY              ;ENDS WITH RET INSTR.
    1990/     9C4 : FE FC                       CPI  0FCH               ;(-4) OR FOUR DIGITS
    1991/     9C6 : CA D3 09                    JZ   PRTWD              ;ENDS WITH RET INSTR.
    1992/     9C9 : 3E 20                       MVI  A,' '              ;OR PRINT BLANKS
    1993/     9CB : D7                          RST  2
    1994/     9CC : 0C                          INR  C                  ;AND COUNT BLANKS
    1995/     9CD : FA BE 09                    JM   PRTHEX             ;AS LONG AS NEGATIVE
    1996/     9D0 : CD FC 00                    CALL QHOW
    1997/     9D3 :                     ;
    1998/     9D3 : 7C                  PRTWD:  MOV  A,H                ;PRINT WORD IN HL
    1999/     9D4 : CD D8 09                    CALL PBY1               ;PUT OUT FIRST OF TWO
    2000/     9D7 : 7D                  PRTBY:  MOV  A,L                ;PRINT BYTE IN HL(=L)
    2001/     9D8 : F5                  PBY1:   PUSH PSW                ;SAVE FOR NEXT NIBBLE
    2002/     9D9 : 0F                          RRC                     ;ROTATE TO RIGHT
    2003/     9DA : 0F                          RRC
    2004/     9DB : 0F                          RRC
    2005/     9DC : 0F                          RRC
    2006/     9DD : CD E7 09                    CALL TOCHR              ;CONVERT TO ASCII
    2007/     9E0 : D7                          RST  2                  ;PRINT CHAR
    2008/     9E1 : F1                          POP  PSW                ;RESTORE AND
    2009/     9E2 : CD E7 09                    CALL TOCHR              ;CONVERT AGAIN
    2010/     9E5 : D7                          RST  2
    2011/     9E6 : C9                          RET
    2012/     9E7 :                     ;
    2013/     9E7 : E6 0F               TOCHR:  ANI  0FH                ;GET LOW NIBBLE
    2014/     9E9 : C6 30                       ADI  '0'                ;FROM HEX TO ASCII
    2015/     9EB : FE 3A                       CPI  '9'+1              ;MORE THAN '9'
    2016/     9ED : D8                          RC                      ;RETURN IF NOT
    2017/     9EE : C6 07                       ADI  'A'-'9'-1          ;ELSE ADD DIFF TO 'A'
    2018/     9F0 : C9                          RET
    2019/     9F1 :                     ;
    2020/     9F1 :                     ;*************************************************************
    2021/     9F1 :                     ;
    2022/     9F1 :                     ; *** MVUP *** MVDOWN *** POPA *** & PUSHA ***
    2023/     9F1 :                     ;
    2024/     9F1 :                     ; 'MVUP' MOVES A BLOCK UP FROM WHERE DE-> TO WHERE BC-> UNTIL
    2025/     9F1 :                     ; DE = HL
    2026/     9F1 :                     ;
    2027/     9F1 :                     ; 'MVDOWN' MOVES A BLOCK DOWN FROM WHERE DE-> TO WHERE HL->
    2028/     9F1 :                     ; UNTIL DE = BC
    2029/     9F1 :                     ;
    2030/     9F1 :                     ; 'POPA' RESTORES THE 'FOR' LOOP VARIABLE SAVE AREA FROM THE
    2031/     9F1 :                     ; STACK
    2032/     9F1 :                     ;
    2033/     9F1 :                     ; 'PUSHA' STACKS THE 'FOR' LOOP VARIABLE SAVE AREA INTO THE
    2034/     9F1 :                     ; STACK
    2035/     9F1 :                     ;
    2036/     9F1 : E7                  MVUP:   RST  4                  ;*** MVUP ***
    2037/     9F2 : C8                          RZ                      ;DE = HL, RETURN
    2038/     9F3 : 1A                          LDAX D                  ;GET ONE BYTE
    2039/     9F4 : 02                          STAX B                  ;MOVE IT
    2040/     9F5 : 13                          INX  D                  ;INCREASE BOTH POINTERS
    2041/     9F6 : 03                          INX  B
    2042/     9F7 : C3 F1 09                    JMP  MVUP               ;UNTIL DONE
    2043/     9FA :                     ;
    2044/     9FA : 78                  MVDOWN: MOV  A,B                ;*** MVDOWN ***
    2045/     9FB : 92                          SUB  D                  ;TEST IF DE = BC
    2046/     9FC : C2 02 0A                    JNZ  MD1                ;NO, GO MOVE
    2047/     9FF : 79                          MOV  A,C                ;MAYBE, OTHER BYTE?
    2048/     A00 : 93                          SUB  E
    2049/     A01 : C8                          RZ                      ;YES, RETURN
    2050/     A02 : 1B                  MD1:    DCX  D                  ;ELSE MOVE A BYTE
    2051/     A03 : 2B                          DCX  H                  ;BUT FIRST DECREASE
    2052/     A04 : 1A                          LDAX D                  ;BOTH POINTERS AND
    2053/     A05 : 77                          MOV  M,A                ;THEN DO IT
    2054/     A06 : C3 FA 09                    JMP  MVDOWN             ;LOOP BACK
    2055/     A09 :                     ;
    2056/     A09 : C1                  POPA:   POP  B                  ;BC = RETURN ADDR.
    2057/     A0A : E1                          POP  H                  ;RESTORE LOPVAR, BUT
    2058/     A0B : 22 0E 80                    SHLD LOPVAR             ;=0 MEANS NO MORE
    2059/     A0E : 7C                          MOV  A,H
    2060/     A0F : B5                          ORA  L
    2061/     A10 : CA 23 0A                    JZ   PP1                ;YEP, GO RETURN
    2062/     A13 : E1                          POP  H                  ;NOP, RESTORE OTHERS
    2063/     A14 : 22 10 80                    SHLD LOPINC
    2064/     A17 : E1                          POP  H
    2065/     A18 : 22 12 80                    SHLD LOPLMT
    2066/     A1B : E1                          POP  H
    2067/     A1C : 22 14 80                    SHLD LOPLN
    2068/     A1F : E1                          POP  H
    2069/     A20 : 22 16 80                    SHLD LOPPT
    2070/     A23 : C5                  PP1:    PUSH B                  ;BC = RETURN ADDR.
    2071/     A24 : C9                          RET
    2072/     A25 :                     ;
    2073/     A25 : 21 80 BF            PUSHA:  LXI  H,STKLMT           ;*** PUSHA ***
    2074/     A28 : CD 77 07                    CALL CHGSGN
    2075/     A2B : C1                          POP  B                  ;BC=RETURN ADDRESS
    2076/     A2C : 39                          DAD  SP                 ;IS STACK NEAR THE TOP?
    2077/     A2D : D4 0D 08                    CNC  QSORRY             ;YES, SORRY FOR THAT
    2078/     A30 : 2A 0E 80                    LHLD LOPVAR             ;ELSE SAVE LOOP VAR'S
    2079/     A33 : 7C                          MOV  A,H                ;BUT IF LOPVAR IS 0
    2080/     A34 : B5                          ORA  L                  ;THAT WILL BE ALL
    2081/     A35 : CA 4B 0A                    JZ   PU1
    2082/     A38 : 2A 16 80                    LHLD LOPPT              ;ELSE, MORE TO SAVE
    2083/     A3B : E5                          PUSH H
    2084/     A3C : 2A 14 80                    LHLD LOPLN
    2085/     A3F : E5                          PUSH H
    2086/     A40 : 2A 12 80                    LHLD LOPLMT
    2087/     A43 : E5                          PUSH H
    2088/     A44 : 2A 10 80                    LHLD LOPINC
    2089/     A47 : E5                          PUSH H
    2090/     A48 : 2A 0E 80                    LHLD LOPVAR
    2091/     A4B : E5                  PU1:    PUSH H
    2092/     A4C : C5                          PUSH B                  ;BC = RETURN ADDR.
    2093/     A4D : C9                          RET
    2094/     A4E :                     ;
    2095/     A4E :                     ;*************************************************************
    2096/     A4E :                     ;
    2097/     A4E :                     ; *** INIT ***
    2098/     A4E :                     ;
    2099/     A4E :                     ; INITIALIZE REQUIRED PERIPHERALS, MEMORY AND OTHER FUNCTIONS
    2100/     A4E :                     ;
    2101/     A4E :                     ;START:  LXI  SP,STACK          ;THIS IS AT LOC. 0
    2102/     A4E :                     ;        MVI  A,80H
    2103/     A4E : D3 60               INIT:   OUT  DAC                ;PUT OUT HALF VCC ON DAC
    2104/     A50 : 97                          SUB  A                  ;RESET A
    2105/     A51 : D3 30                       OUT  SELECT             ;RESET D F/F SELECT LINES
    2106/     A53 : D3 11                       OUT  UARTC              ;PUT 8251 IN COMMAND MODE
    2107/     A55 : D3 11                       OUT  UARTC              ;WRITE 0 THREE TIMES
    2108/     A57 : D3 11                       OUT  UARTC
    2109/     A59 : 3E 40                       MVI  A,URESET           ;RESET COMMAND
    2110/     A5B : D3 11                       OUT  UARTC              ;WRITE IT TO 8251 USART
    2111/     A5D : 3E 4E                       MVI  A,USETUP           ;8 DATA, 1 STOP, X16
    2112/     A5F : D3 11                       OUT  UARTC              ;WRITE IT TO 8251 USART
    2113/     A61 : 3E 15                       MVI  A,UENABL           ;ERRST, RXEN, TXEN
    2114/     A63 : D3 11                       OUT  UARTC              ;WRITE IT TO 8251 USART
    2115/     A65 :                     ;
    2116/     A65 : 21 00 80            ZMEM:   LXI  H,RAMBGN           ;ZERO OUT MEMORY FROM
    2117/     A68 : 11 80 BF                    LXI  D,STKLMT           ;RAMBEGIN TO STACKLIMIT
    2118/     A6B : 36 00               ZMEM1:  MVI  M,0
    2119/     A6D : 23                          INX  H
    2120/     A6E : E7                          RST  4                  ;USE RST 4 TO COMPARE
    2121/     A6F : C2 6B 0A                    JNZ  ZMEM1              ;16k LOOP TAKES 305ms
    2122/     A72 :                     ;
    2123/     A72 : 21 00 18                    LXI  H,6144             ;INITIATE DEFAULT XTAL[kHz]
    2124/     A75 : CD 67 03                    CALL SETXTL             ;START TIMER TO GET INT7.5
    2125/     A78 : 3E 1B                       MVI  A,1BH              ;RST F/F & ENABLE INT7.5
    2126/     A7A : 30                          SIM                     ;SET THE NEW MASK
    2127/     A7B : FB                          EI                      ;ENABLE INTERRUPT
    2128/     A7C :                     ;
    2129/     A7C : 01 00 00                    LXI  B,EESTRT           ;START ADR IN EEPROM
    2130/     A7F : 11 02 00                    LXI  D,2                ;LENGTH TO READ
    2131/     A82 : 21 18 80                    LXI  H,RNDNUM           ;WHERE TO STORE IT
    2132/     A85 : CD 92 0C                    CALL EERD               ;READ THE EEPROM
    2133/     A88 : 2A 18 80                    LHLD RNDNUM             ;GET THE VALUE AGAIN
    2134/     A8B : 23                          INX  H                  ;INCREMENT AND SAVE
    2135/     A8C : 22 18 80                    SHLD RNDNUM             ;THIS VALUE AS NEXT
    2136/     A8F : 01 00 00                    LXI  B,EESTRT           ;RANDOM NUMBER SEED
    2137/     A92 : 11 02 00                    LXI  D,2                ;IN THIS WAY THE RANDOM
    2138/     A95 : 21 18 80                    LXI  H,RNDNUM           ;SEQUENCE WILL NOT
    2139/     A98 : CD EE 0C                    CALL EEWR               ;REPEAT EVERY POWER ON
    2140/     A9B :                     ;
    2141/     A9B : CD 1A 01                    CALL ST1                ;MAKE RSTART INITALIZATION
    2142/     A9E : DB 03                       IN   PORTC              ;BACK DOOR TO ESCAPE FROM
    2143/     AA0 : E6 18                       ANI  18H                ;ROUGE AUTORUN PRG EEPROM
    2144/     AA2 : CA B1 0A                    JZ   CONT               ;BY PRESSING BTNS PC3+PC4
    2145/     AA5 : CD 02 02                    CALL LD0                ;TRY READ PGM FROM EEPROM
    2146/     AA8 : 11 22 80                    LXI  D,TXTBGN+6         ;AFTER 2 BYTE LINE NUM
    2147/     AAB :                                                     ;AND STATEMENT "REM " WE
    2148/     AAB : 21 0B 0C                    LXI  H,TAB10-1          ;MAY FIND TEXT 'AUTORUN'
    2149/     AAE : C3 1A 0C                    JMP  EXEC               ;IF SO RUN THE PROGRAM
    2150/     AB1 :                     ;
    2151/     AB1 : 21 1C 80            CONT:   LXI  H,TXTBGN           ;ELSE, DISCARD WHATEVER
    2152/     AB4 : 22 1A 80                    SHLD TXTUNF             ;PGM READ FROM EEPROM
    2153/     AB7 : 3E 35                       MVI  A,UENABL+URTS      ;MAKE SHORT BEEP AT START
    2154/     AB9 : D3 11                       OUT  UARTC              ;GETS TURNED OFF AT ST0
    2155/     ABB : 21 38 0D                    LXI  H,MSG0             ;PRINT THE START MESSAGE
    2156/     ABE : CD C4 0A                    CALL PSTR
    2157/     AC1 : C3 33 01                    JMP  ST0
    2158/     AC4 :                     ;
    2159/     AC4 : 7E                  PSTR:   MOV  A,M                ;GET A CHARACTER
    2160/     AC5 : 23                          INX  H                  ;BUMP POINTER
    2161/     AC6 : B7                          ORA  A                  ;CHR IS ZERO?
    2162/     AC7 : C8                          RZ                      ;YES, RETURN
    2163/     AC8 : D7                          RST  2                  ;ELSE PRINT IT
    2164/     AC9 : C3 C4 0A                    JMP  PSTR               ;GET NEXT
    2165/     ACC :                     ;
    2166/     ACC :                     ;*************************************************************
    2167/     ACC :                     ;
    2168/     ACC :                     ; *** OUTC *** & CHKIO ***
    2169/     ACC :                     ;
    2170/     ACC :                     ; THESE ARE THE ONLY I/O ROUTINES IN TBI.
    2171/     ACC :                     ; IT WILL OUTPUT THE BYTE IN A.  IF THAT IS A CR, A LF IS ALSO
    2172/     ACC :                     ; SEND OUT.  ONLY THE FLAGS MAY BE CHANGED AT RETURN. ALL REG.
    2173/     ACC :                     ; ARE RESTORED.
    2174/     ACC :                     ;
    2175/     ACC :                     ; 'CHKIO' CHECKS THE INPUT.  IF NO INPUT, IT WILL RETURN TO
    2176/     ACC :                     ; THE CALLER WITH THE Z FLAG SET.  IF THERE IS INPUT, Z FLAG
    2177/     ACC :                     ; IS CLEARED AND THE INPUT BYTE IS IN A. IF A CONTROL-C IS READ,
    2178/     ACC :                     ; 'CHKIO' WILL RESTART TBI AND DO NOT RETURN TO THE CALLER.
    2179/     ACC :                     ;
    2180/     ACC :                     ;OUTC:  PUSH PSW                ;THIS IS AT LOC. 10
    2181/     ACC : DB 11               OC3:    IN   UARTC              ;COME HERE TO DO OUTPUT
    2182/     ACE : E6 01                       ANI  1H                 ;STATUS BIT
    2183/     AD0 : CA CC 0A                    JZ   OC3                ;NOT READY, WAIT
    2184/     AD3 : F1                          POP  PSW                ;READY, GET OLD A BACK
    2185/     AD4 : D3 10                       OUT  UARTD              ;AND SEND IT OUT
    2186/     AD6 : FE 0D                       CPI  CR                 ;WAS IT CR?
    2187/     AD8 : C0                          RNZ                     ;NO, FINISHED
    2188/     AD9 : 3E 0A                       MVI  A,LF               ;YES, WE SEND LF TOO
    2189/     ADB : D7                          RST  2                  ;THIS IS RECURSIVE
    2190/     ADC : 3E 0D                       MVI  A,CR               ;GET CR BACK IN A
    2191/     ADE : C9                          RET
    2192/     ADF :                     ;
    2193/     ADF : CD E6 0A            INCHR:  CALL CHKIO              ;CHECK IF CHAR RCVD
    2194/     AE2 : CA DF 0A                    JZ   INCHR              ;IF NOT, CHECK AGAIN
    2195/     AE5 : C9                          RET                     ;RETURN WITH CHAR
    2196/     AE6 :                     ;
    2197/     AE6 : DB 11               CHKIO:  IN   UARTC              ;*** CHKIO ***
    2198/     AE8 : E6 02                       ANI  2H                 ;MASK STATUS BIT
    2199/     AEA : C8                          RZ                      ;NOT READY, RETURN "Z"
    2200/     AEB : DB 10                       IN   UARTD              ;READY, READ DATA
    2201/     AED : FE 03               CI1:    CPI  3H                 ;IS IT CONTROL-C?
    2202/     AEF : C0                          RNZ                     ;NO, RETURN "NZ"
    2203/     AF0 : C3 2A 01                    JMP  CTRLC              ;YES, RESTART TBI
    2204/     AF3 :                     ;
    2205/     AF3 :                     ;*************************************************************
    2206/     AF3 :                     ;
    2207/     AF3 :                     ; *** TABLES *** DIRECT *** & EXEC ***
    2208/     AF3 :                     ;
    2209/     AF3 :                     ; THIS SECTION OF THE CODE TESTS A STRING AGAINST A TABLE.
    2210/     AF3 :                     ; WHEN A MATCH IS FOUND, CONTROL IS TRANSFERED TO THE SECTION
    2211/     AF3 :                     ; OF CODE ACCORDING TO THE TABLE.
    2212/     AF3 :                     ;
    2213/     AF3 :                     ; AT 'EXEC', DE SHOULD POINT TO THE STRING AND HL SHOULD POINT
    2214/     AF3 :                     ; TO THE TABLE-1.  AT 'DIRECT', DE SHOULD POINT TO THE STRING.
    2215/     AF3 :                     ; HL WILL BE SET UP TO POINT TO TAB1-1, WHICH IS THE TABLE OF
    2216/     AF3 :                     ; ALL DIRECT AND STATEMENT COMMANDS.
    2217/     AF3 :                     ;
    2218/     AF3 :                     ; THE TABLE CONSISTS OF ANY NUMBER OF ITEMS.  EACH ITEM
    2219/     AF3 :                     ; IS A STRING OF CHARACTERS WITH BIT 7 SET TO 0 AND
    2220/     AF3 :                     ; A JUMP ADDRESS STORED HI-LOW WITH BIT 7 OF THE HIGH
    2221/     AF3 :                     ; BYTE SET TO 1.
    2222/     AF3 :                     ;
    2223/     AF3 :                     ; END OF TABLE IS AN ITEM WITH A JUMP ADDRESS ONLY.  IF THE
    2224/     AF3 :                     ; STRING DOES NOT MATCH ANY OF THE OTHER ITEMS, IT WILL
    2225/     AF3 :                     ; MATCH THIS NULL ITEM AS DEFAULT.
    2226/     AF3 :                     ;
    2227/     AF3 :                     TAB1:                           ;DIRECT COMMANDS
    2228/     AF3 : 4C 49 53 54                 DB   "LIST"
    2229/     AF7 : (MACRO)                     DWA  LIST
    2229/     AF7 : 82                          DB   (LIST >> 8) + 128
    2229/     AF8 : 80                          DB   LIST & 0FFH
    2230/     AF9 : 52 55 4E                    DB   "RUN"
    2231/     AFC : (MACRO)                     DWA  RUN
    2231/     AFC : 81                          DB   (RUN >> 8) + 128
    2231/     AFD : AC                          DB   RUN & 0FFH
    2232/     AFE : 4E 45 57                    DB   "NEW"
    2233/     B01 : (MACRO)                     DWA  NEW
    2233/     B01 : 81                          DB   (NEW >> 8) + 128
    2233/     B02 : 9D                          DB   NEW & 0FFH
    2234/     B03 : 53 41 56 45                 DB   "SAVE"
    2235/     B07 : (MACRO)                     DWA  SAVE
    2235/     B07 : 81                          DB   (SAVE >> 8) + 128
    2235/     B08 : E4                          DB   SAVE & 0FFH
    2236/     B09 : 4C 4F 41 44                 DB   "LOAD"
    2237/     B0D : (MACRO)                     DWA  LOAD
    2237/     B0D : 81                          DB   (LOAD >> 8) + 128
    2237/     B0E : FC                          DB   LOAD & 0FFH
    2238/     B0F : 45 44 49 54                 DB   "EDIT"
    2239/     B13 : (MACRO)                     DWA  EDIT
    2239/     B13 : 82                          DB   (EDIT >> 8) + 128
    2239/     B14 : 30                          DB   EDIT & 0FFH
    2240/     B15 : 4D 41 4E                    DB   "MAN"
    2241/     B18 : (MACRO)                     DWA  MAN
    2241/     B18 : 82                          DB   (MAN >> 8) + 128
    2241/     B19 : 77                          DB   MAN & 0FFH
    2242/     B1A : 3F                          DB   "?"
    2243/     B1B : (MACRO)                     DWA  HELP
    2243/     B1B : 82                          DB   (HELP >> 8) + 128
    2243/     B1C : 71                          DB   HELP & 0FFH
    2244/     B1D :                     ;
    2245/     B1D :                     TAB2:                           ;DIRECT/STATEMENT
    2246/     B1D : 4E 45 58 54                 DB   "NEXT"
    2247/     B21 : (MACRO)                     DWA  NEXT
    2247/     B21 : 84                          DB   (NEXT >> 8) + 128
    2247/     B22 : 17                          DB   NEXT & 0FFH
    2248/     B23 : 4C 45 54                    DB   "LET"
    2249/     B26 : (MACRO)                     DWA  LET
    2249/     B26 : 84                          DB   (LET >> 8) + 128
    2249/     B27 : E6                          DB   LET & 0FFH
    2250/     B28 : 49 46                       DB   "IF"
    2251/     B2A : (MACRO)                     DWA  IFF
    2251/     B2A : 84                          DB   (IFF >> 8) + 128
    2251/     B2B : 76                          DB   IFF & 0FFH
    2252/     B2C : 47 4F 54 4F                 DB   "GOTO"
    2253/     B30 : (MACRO)                     DWA  GOTO
    2253/     B30 : 81                          DB   (GOTO >> 8) + 128
    2253/     B31 : D5                          DB   GOTO & 0FFH
    2254/     B32 : 47 4F 53 55 42              DB   "GOSUB"
    2255/     B37 : (MACRO)                     DWA  GOSUB
    2255/     B37 : 83                          DB   (GOSUB >> 8) + 128
    2255/     B38 : 7C                          DB   GOSUB & 0FFH
    2256/     B39 : 52 45 54 55 52 4E           DB   "RETURN"
    2257/     B3F : (MACRO)                     DWA  RETURN
    2257/     B3F : 83                          DB   (RETURN >> 8) + 128
    2257/     B40 : 9C                          DB   RETURN & 0FFH
    2258/     B41 : 46 4F 52                    DB   "FOR"
    2259/     B44 : (MACRO)                     DWA  FOR
    2259/     B44 : 83                          DB   (FOR >> 8) + 128
    2259/     B45 : B5                          DB   FOR & 0FFH
    2260/     B46 : 49 4E 50 55 54              DB   "INPUT"
    2261/     B4B : (MACRO)                     DWA  INPUT
    2261/     B4B : 84                          DB   (INPUT >> 8) + 128
    2261/     B4C : 8F                          DB   INPUT & 0FFH
    2262/     B4D : 50 52 49 4E 54              DB   "PRINT"
    2263/     B52 : (MACRO)                     DWA  PRINT
    2263/     B52 : 82                          DB   (PRINT >> 8) + 128
    2263/     B53 : 98                          DB   PRINT & 0FFH
    2264/     B54 : 50 55 54 43                 DB   "PUTC"
    2265/     B58 : (MACRO)                     DWA  PUTC
    2265/     B58 : 82                          DB   (PUTC >> 8) + 128
    2265/     B59 : DB                          DB   PUTC & 0FFH
    2266/     B5A : 4F 55 54                    DB   "OUT"
    2267/     B5D : (MACRO)                     DWA  POUT
    2267/     B5D : 83                          DB   (POUT >> 8) + 128
    2267/     B5E : 33                          DB   POUT & 0FFH
    2268/     B5F : 53 4F 44                    DB   "SOD"
    2269/     B62 : (MACRO)                     DWA  SOD
    2269/     B62 : 83                          DB   (SOD >> 8) + 128
    2269/     B63 : 57                          DB   SOD & 0FFH
    2270/     B64 : 50 4F 4B 45                 DB   "POKE"
    2271/     B68 : (MACRO)                     DWA  POKE
    2271/     B68 : 83                          DB   (POKE >> 8) + 128
    2271/     B69 : 5D                          DB   POKE & 0FFH
    2272/     B6A : 57 41 49 54                 DB   "WAIT"
    2273/     B6E : (MACRO)                     DWA  WAIT
    2273/     B6E : 82                          DB   (WAIT >> 8) + 128
    2273/     B6F : EC                          DB   WAIT & 0FFH
    2274/     B70 : 42 45 45 50                 DB   "BEEP"
    2275/     B74 : (MACRO)                     DWA  BEEP
    2275/     B74 : 82                          DB   (BEEP >> 8) + 128
    2275/     B75 : F0                          DB   BEEP & 0FFH
    2276/     B76 : 58 54 41 4C                 DB   "XTAL"
    2277/     B7A : (MACRO)                     DWA  XTAL
    2277/     B7A : 83                          DB   (XTAL >> 8) + 128
    2277/     B7B : 13                          DB   XTAL & 0FFH
    2278/     B7C : 53 49 47 4E 45 44           DB   "SIGNED"
    2279/     B82 : (MACRO)                     DWA  SIGNED
    2279/     B82 : 83                          DB   (SIGNED >> 8) + 128
    2279/     B83 : 28                          DB   SIGNED & 0FFH
    2280/     B84 : 55 4E 53 49 47 4E           DB   "UNSIGN"
    2281/     B8A : (MACRO)                     DWA  UNSIGN
    2281/     B8A : 83                          DB   (UNSIGN >> 8) + 128
    2281/     B8B : 2D                          DB   UNSIGN & 0FFH
    2282/     B8C : 53 54 4F 50                 DB   "STOP"
    2283/     B90 : (MACRO)                     DWA  STOP
    2283/     B90 : 81                          DB   (STOP >> 8) + 128
    2283/     B91 : A6                          DB   STOP & 0FFH
    2284/     B92 : 52 45 4D                    DB   "REM"
    2285/     B95 : (MACRO)                     DWA  REM
    2285/     B95 : 84                          DB   (REM >> 8) + 128
    2285/     B96 : 72                          DB   REM & 0FFH
    2286/     B97 : (MACRO)                     DWA  DEFLT
    2286/     B97 : 84                          DB   (DEFLT >> 8) + 128
    2286/     B98 : E0                          DB   DEFLT & 0FFH
    2287/     B99 :                     ;
    2288/     B99 :                     TAB4:                           ;FUNCTIONS
    2289/     B99 : 21                          DB   "!"
    2290/     B9A : (MACRO)                     DWA  NOT
    2290/     B9A : 86                          DB   (NOT >> 8) + 128
    2290/     B9B : 73                          DB   NOT & 0FFH
    2291/     B9C : 7E                          DB   "~"
    2292/     B9D : (MACRO)                     DWA  INV
    2292/     B9D : 86                          DB   (INV >> 8) + 128
    2292/     B9E : 7F                          DB   INV & 0FFH
    2293/     B9F : 2D                          DB   "-"
    2294/     BA0 : (MACRO)                     DWA  MINUS
    2294/     BA0 : 86                          DB   (MINUS >> 8) + 128
    2294/     BA1 : 87                          DB   MINUS & 0FFH
    2295/     BA2 : 2B                          DB   "+"
    2296/     BA3 : (MACRO)                     DWA  PLUS
    2296/     BA3 : 86                          DB   (PLUS >> 8) + 128
    2296/     BA4 : 8C                          DB   PLUS & 0FFH
    2297/     BA5 : 49 4E                       DB   "IN"
    2298/     BA7 : (MACRO)                     DWA  PIN
    2298/     BA7 : 86                          DB   (PIN >> 8) + 128
    2298/     BA8 : CE                          DB   PIN & 0FFH
    2299/     BA9 : 53 49 44                    DB   "SID"
    2300/     BAC : (MACRO)                     DWA  SID
    2300/     BAC : 86                          DB   (SID >> 8) + 128
    2300/     BAD : E6                          DB   SID & 0FFH
    2301/     BAE : 50 45 45 4B                 DB   "PEEK"
    2302/     BB2 : (MACRO)                     DWA  PEEK
    2302/     BB2 : 86                          DB   (PEEK >> 8) + 128
    2302/     BB3 : F1                          DB   PEEK & 0FFH
    2303/     BB4 : 47 45 54 43                 DB   "GETC"
    2304/     BB8 : (MACRO)                     DWA  GETC
    2304/     BB8 : 86                          DB   (GETC >> 8) + 128
    2304/     BB9 : FD                          DB   GETC & 0FFH
    2305/     BBA : 54 49 4D 45                 DB   "TIME"
    2306/     BBE : (MACRO)                     DWA  TCNT
    2306/     BBE : 86                          DB   (TCNT >> 8) + 128
    2306/     BBF : F7                          DB   TCNT & 0FFH
    2307/     BC0 : 55 53 52                    DB   "USR"
    2308/     BC3 : (MACRO)                     DWA  USR
    2308/     BC3 : 87                          DB   (USR >> 8) + 128
    2308/     BC4 : 08                          DB   USR & 0FFH
    2309/     BC5 : 52 4E 44                    DB   "RND"
    2310/     BC8 : (MACRO)                     DWA  RND
    2310/     BC8 : 86                          DB   (RND >> 8) + 128
    2310/     BC9 : 8E                          DB   RND & 0FFH
    2311/     BCA : 41 42 53                    DB   "ABS"
    2312/     BCD : (MACRO)                     DWA  ABS
    2312/     BCD : 86                          DB   (ABS >> 8) + 128
    2312/     BCE : C0                          DB   ABS & 0FFH
    2313/     BCF : 4C 45 4E                    DB   "LEN"
    2314/     BD2 : (MACRO)                     DWA  LEN
    2314/     BD2 : 87                          DB   (LEN >> 8) + 128
    2314/     BD3 : 38                          DB   LEN & 0FFH
    2315/     BD4 : 46 52 45 45                 DB   "FREE"
    2316/     BD8 : (MACRO)                     DWA  FREE
    2316/     BD8 : 87                          DB   (FREE >> 8) + 128
    2316/     BD9 : 45                          DB   FREE & 0FFH
    2317/     BDA : (MACRO)                     DWA  XP40
    2317/     BDA : 86                          DB   (XP40 >> 8) + 128
    2317/     BDB : 57                          DB   XP40 & 0FFH
    2318/     BDC :                     ;
    2319/     BDC :                     TAB5:                           ;"TO" IN "FOR"
    2320/     BDC : 54 4F                       DB   "TO"
    2321/     BDE : (MACRO)                     DWA  FR1
    2321/     BDE : 83                          DB   (FR1 >> 8) + 128
    2321/     BDF : C5                          DB   FR1 & 0FFH
    2322/     BE0 : (MACRO)                     DWA  FR9
    2322/     BE0 : 84                          DB   (FR9 >> 8) + 128
    2322/     BE1 : 14                          DB   FR9 & 0FFH
    2323/     BE2 :                     ;
    2324/     BE2 :                     TAB6:                           ;"STEP" IN "FOR"
    2325/     BE2 : 53 54 45 50                 DB   "STEP"
    2326/     BE6 : (MACRO)                     DWA  FR2
    2326/     BE6 : 83                          DB   (FR2 >> 8) + 128
    2326/     BE7 : CF                          DB   FR2 & 0FFH
    2327/     BE8 : (MACRO)                     DWA  FR3
    2327/     BE8 : 83                          DB   (FR3 >> 8) + 128
    2327/     BE9 : D3                          DB   FR3 & 0FFH
    2328/     BEA :                     ;
    2329/     BEA :                     TAB8:                           ;RELATION OPERATORS
    2330/     BEA : 3E 3D                       DB   ">="
    2331/     BEC : (MACRO)                     DWA  ROP1
    2331/     BEC : 84                          DB   (ROP1 >> 8) + 128
    2331/     BED : F6                          DB   ROP1 & 0FFH
    2332/     BEE : 21 3D                       DB   "!="
    2333/     BF0 : (MACRO)                     DWA  ROP2
    2333/     BF0 : 84                          DB   (ROP2 >> 8) + 128
    2333/     BF1 : FC                          DB   ROP2 & 0FFH
    2334/     BF2 : 3E                          DB   ">"
    2335/     BF3 : (MACRO)                     DWA  ROP3
    2335/     BF3 : 85                          DB   (ROP3 >> 8) + 128
    2335/     BF4 : 02                          DB   ROP3 & 0FFH
    2336/     BF5 : 3C 3D                       DB   "<="
    2337/     BF7 : (MACRO)                     DWA  ROP4
    2337/     BF7 : 85                          DB   (ROP4 >> 8) + 128
    2337/     BF8 : 09                          DB   ROP4 & 0FFH
    2338/     BF9 : 3D 3D                       DB   "=="
    2339/     BFB : (MACRO)                     DWA  ROP5
    2339/     BFB : 85                          DB   (ROP5 >> 8) + 128
    2339/     BFC : 11                          DB   ROP5 & 0FFH
    2340/     BFD : 3C                          DB   "<"
    2341/     BFE : (MACRO)                     DWA  ROP6
    2341/     BFE : 85                          DB   (ROP6 >> 8) + 128
    2341/     BFF : 17                          DB   ROP6 & 0FFH
    2342/     C00 : (MACRO)                     DWA  ROP7
    2342/     C00 : 85                          DB   (ROP7 >> 8) + 128
    2342/     C01 : 1D                          DB   ROP7 & 0FFH
    2343/     C02 :                     ;
    2344/     C02 :                     TAB9:                           ;SHIFT OPERATORS
    2345/     C02 : 3C 3C                       DB   "<<"
    2346/     C04 : (MACRO)                     DWA  XP11
    2346/     C04 : 85                          DB   (XP11 >> 8) + 128
    2346/     C05 : 7B                          DB   XP11 & 0FFH
    2347/     C06 : 3E 3E                       DB   ">>"
    2348/     C08 : (MACRO)                     DWA  XP12
    2348/     C08 : 85                          DB   (XP12 >> 8) + 128
    2348/     C09 : 85                          DB   XP12 & 0FFH
    2349/     C0A : (MACRO)                     DWA  XP13
    2349/     C0A : 85                          DB   (XP13 >> 8) + 128
    2349/     C0B : 8F                          DB   XP13 & 0FFH
    2350/     C0C :                     ;
    2351/     C0C :                     TAB10:                          ;FOR AUTORUN DETECT
    2352/     C0C : 41 55 54 4F 52 55           DB   "AUTORUN"
                    4E 
    2353/     C13 : (MACRO)                     DWA  RUN
    2353/     C13 : 81                          DB   (RUN >> 8) + 128
    2353/     C14 : AC                          DB   RUN & 0FFH
    2354/     C15 : (MACRO)                     DWA  CONT
    2354/     C15 : 8A                          DB   (CONT >> 8) + 128
    2354/     C16 : B1                          DB   CONT & 0FFH
    2355/     C17 :                     ;
    2356/     C17 : 21 F2 0A            DIRECT: LXI  H,TAB1-1           ;*** DIRECT ***
    2357/     C1A :                     ;
    2358/     C1A :                     EXEC:                           ;*** EXEC ***
    2359/     C1A : EF                  EX0:    RST  5                  ;IGNORE LEADING BLANKS
    2360/     C1B : D5                          PUSH D                  ;SAVE POINTER
    2361/     C1C : 1A                  EX1:    LDAX D                  ;GET CAHACTER TO
    2362/     C1D : 13                          INX  D                  ;COMPARE FROM BUFFER
    2363/     C1E : 23                          INX  H                  ;HL->TABLE
    2364/     C1F : BE                          CMP  M                  ;IF MATCH, TEST NEXT
    2365/     C20 : CA 1C 0C                    JZ   EX1
    2366/     C23 : 3E 7F                       MVI  A,07FH             ;ELSE SEE IF BIT 7
    2367/     C25 : 1B                          DCX  D                  ;OF TABLE IS SET, WHICH
    2368/     C26 : BE                          CMP  M                  ;IS THE JUMP ADDR. (HI)
    2369/     C27 : DA 34 0C                    JC   EX5                ;C:YES, MATCHED
    2370/     C2A : 23                  EX2:    INX  H                  ;NC:NO, FIND JUMP ADDR.
    2371/     C2B : BE                          CMP  M
    2372/     C2C : D2 2A 0C                    JNC  EX2
    2373/     C2F : 23                          INX  H                  ;BUMP TO NEXT TAB. ITEM
    2374/     C30 : D1                          POP  D                  ;RESTORE STRING POINTER
    2375/     C31 : C3 1A 0C                    JMP  EX0                ;TEST AGAINST NEXT ITEM
    2376/     C34 : 7E                  EX5:    MOV  A,M                ;LOAD HL WITH THE JUMP
    2377/     C35 : 23                          INX  H                  ;ADDRESS FROM THE TABLE
    2378/     C36 : 6E                          MOV  L,M
    2379/     C37 : E6 7F                       ANI  7FH                ;MASK OFF BIT 7
    2380/     C39 : 67                          MOV  H,A
    2381/     C3A : F1                          POP  PSW                ;CLEAN UP THE GABAGE
    2382/     C3B : E9                          PCHL                    ;AND WE GO DO IT
    2383/     C3C :                     ;
    2384/     C3C :                     ;*************************************************************
    2385/     C3C :                     ;
    2386/     C3C :                     ; *** SPI IMPLEMENTATION USING SID/SOD AND IO WRITE AS CLK ***
    2387/     C3C :                     ;
    2388/     C3C :                     ; SDOUT AND SDIN ARE SOFTWARE DRIVVEN SERIAL OUTPUT AND INPUT
    2389/     C3C :                     ; FUNCTIONS USING 8085 PINS SOD AND SID FOR DATA TRANSFER AND
    2390/     C3C :                     ; A DUMMY I/O WRITE TO GENERATE CLOCK PULSE. SERIAL DATA OUTPUT
    2391/     C3C :                     ; FREQUENCY IS ABOUT 64KBIT WHEN INCLUDING CALL AND RETURN
    2392/     C3C :                     ; YIELDS A CHARACTER BACK TO BACK TIME OF ABOUT 140 MICROSEC.
    2393/     C3C :                     ; SERIAL DATA INPUT IS SLIGHTLY FASTER. CLK PULSE IS GENERATED
    2394/     C3C :                     ; BY A DUMMY WRITE TO I/O ADDR WHERE THE CHIP SELECT IS NOR'D
    2395/     C3C :                     ; WITH THE WR STROBE TO GENERATE A 460 NANOSEC POSITIVE PULSE.
    2396/     C3C :                     ; CLOCK PULSE IS PROLONGED TO 1700 NANOSEC BY R/C AND LOGIC.
    2397/     C3C :                     ;
    2398/     C3C : C5                  SDOUT:  PUSH B                  ;SAVE VALUES IN
    2399/     C3D : D5                          PUSH D                  ;WORKING REGISTERS
    2400/     C3E : 11 40 80                    LXI  D,8040H            ;AND & OR MASK IN DE
    2401/     C41 : 0E 08                       MVI  C,8H               ;NUMBER OF BITS
    2402/     C43 : 47                          MOV  B,A                ;STORE BYTE IN B
    2403/     C44 : A2                  SDO1:   ANA  D                  ;MASK THE CURRENT BIT
    2404/     C45 : B3                          ORA  E                  ;SET BIT FOR SOD ENABLE
    2405/     C46 : 30                          SIM                     ;WRITE IT TO PIN
    2406/     C47 : 78                          MOV  A,B                ;RESTORE BYTE
    2407/     C48 : 07                          RLC                     ;ROTATE ONE STEP
    2408/     C49 : 47                          MOV  B,A                ;AND SAVE IT
    2409/     C4A : D3 20                       OUT  SPICLK             ;ISSUE A CLOCK PULSE
    2410/     C4C : 0D                          DCR  C                  ;COUNT ITERATIONS
    2411/     C4D : C2 44 0C                    JNZ  SDO1               ;LOOP IF NOT READY
    2412/     C50 : 7B                          MOV  A,E                ;FINISH WITH A '0'
    2413/     C51 : 30                          SIM                     ;WRITE TO PIN
    2414/     C52 : 78                          MOV  A,B                ;RESTORE BYTE
    2415/     C53 : D1                          POP  D
    2416/     C54 : C1                          POP  B
    2417/     C55 : C9                          RET                     ;AND WE'RE DONE
    2418/     C56 :                     ;
    2419/     C56 : C5                  SDIN:   PUSH B                  ;SAVE VALUES IN
    2420/     C57 : D5                          PUSH D                  ;WORKING REGISTERS
    2421/     C58 : 16 80                       MVI  D,80H              ;AND MASK IN D
    2422/     C5A : 01 08 00                    LXI  B,0008H            ;TMP STORE & NBR OF BITS
    2423/     C5D : 20                  SDI1:   RIM                     ;READ CURRRENT BIT
    2424/     C5E : D3 20                       OUT  SPICLK             ;ISSUE A CLOCK PULSE
    2425/     C60 : A2                          ANA  D                  ;MASK THE CURRENT BIT
    2426/     C61 : B0                          ORA  B                  ;MERGE WITH PREVIOUS
    2427/     C62 : 07                          RLC                     ;ROTATE ONE STEP
    2428/     C63 : 47                          MOV  B,A                ;AND SAVE IT
    2429/     C64 : 0D                          DCR  C                  ;COUNT ITERATIONS
    2430/     C65 : C2 5D 0C                    JNZ  SDI1               ;LOOP IF NOT READY
    2431/     C68 : D1                          POP  D
    2432/     C69 : C1                          POP  B
    2433/     C6A : C9                          RET                     ;AND WE'RE DONE
    2434/     C6B :                     ;
    2435/     C6B :                     ;*************************************************************
    2436/     C6B :                     ;
    2437/     C6B :                     ; *** SPI EEPROM DRIVER ***
    2438/     C6B :                     ;
    2439/     C6B :                     ; ARGUMENTS: EEPROM START ADR [BC], LENGTH [DE], MEM DATAPTR [HL]
    2440/     C6B :                     ;
    2441/     C6B : 3E 17               CSLOW:  MVI  A,UENABL+UDTR      ;** SELECT EEPROM **
    2442/     C6D : D3 11                       OUT  UARTC              ;WRITE TO PORT
    2443/     C6F : C9                          RET
    2444/     C70 :                     ;
    2445/     C70 : F5                  CSHIGH: PUSH PSW                ;** DESELECT EEPROM **
    2446/     C71 : 3E 15                       MVI  A,UENABL           ;MUST SAVE ACKUMULATOR
    2447/     C73 : D3 11                       OUT  UARTC              ;WHILE SETTING OUTPUT
    2448/     C75 : F1                          POP  PSW                ;RESTORE ACKUMULATOR
    2449/     C76 : C9                          RET
    2450/     C77 :                     ;
    2451/     C77 : 01 80 00            CHKWIP: LXI  B,128              ;** WRITE IN PROGRESS **
    2452/     C7A : CD 6B 0C            CHKW1:  CALL CSLOW              ;SELECT EEPROM
    2453/     C7D : 3E 05                       MVI  A,EERDSR           ;OPCODE READ STATUS
    2454/     C7F : CD 3C 0C                    CALL SDOUT              ;TRANSMIT OPCODE
    2455/     C82 : CD 56 0C                    CALL SDIN               ;READ STATUS
    2456/     C85 : CD 70 0C                    CALL CSHIGH             ;DESELECT
    2457/     C88 : E6 01                       ANI  EEWIPB             ;MASK THE BIT
    2458/     C8A : C8                          RZ                      ;ZERO MEANS READY
    2459/     C8B : 0B                          DCX  B                  ;ELSE COUNT LOOPS
    2460/     C8C : (MACRO)                     JNK  CHKW1              ;AND READ AGAIN
    2460/     C8C : DD                          DB    0DDH
    2460/     C8D : 7A                          DB    (CHKW1 & 0FFH)
    2460/     C8E : 0C                          DB    (CHKW1 >> 8)
    2461/     C8F : CD 0A 08                    CALL ASORRY             ;EEPROM NEVER GOT READY
    2462/     C92 :                     ;
    2463/     C92 : 7A                  EERD:   MOV  A,D                ;** READ EEPROM **
    2464/     C93 : B3                          ORA  E                  ;CHECK FOR ZERO LENGTH
    2465/     C94 : C8                          RZ                      ;SKIP IF SO
    2466/     C95 : C5                          PUSH B                  ;SAVE START ADDR (BC)
    2467/     C96 : CD 77 0C                    CALL CHKWIP             ;DURING WR.IN.PROGRESS
    2468/     C99 : C1                          POP  B                  ;RESTORE IT
    2469/     C9A : CD 6B 0C                    CALL CSLOW              ;SELECT EEPROM
    2470/     C9D : 3E 03                       MVI  A,EERDDA           ;OPCODE READ DATA
    2471/     C9F : CD 3C 0C                    CALL SDOUT              ;TRANSMIT OPCODE
    2472/     CA2 : 78                          MOV  A,B                ;GET ADDRESS HIGH BYTE
    2473/     CA3 : CD 3C 0C                    CALL SDOUT              ;TRANSMIT
    2474/     CA6 : 79                          MOV  A,C                ;GET ADDRESS LOW BYTE
    2475/     CA7 : CD 3C 0C                    CALL SDOUT              ;TRANSMIT
    2476/     CAA : 1B                  EERD1:  DCX  D                  ;DECREMENT LENGTH
    2477/     CAB : (MACRO)                     JK   EERD2              ;FINISH WHEN UNDERFLOW
    2477/     CAB : FD                          DB    0FDH
    2477/     CAC : B6                          DB    (EERD2 & 0FFH)
    2477/     CAD : 0C                          DB    (EERD2 >> 8)
    2478/     CAE : CD 56 0C                    CALL SDIN               ;READ ONE BYTE
    2479/     CB1 : 77                          MOV  M,A                ;STORE IN RAM
    2480/     CB2 : 23                          INX  H                  ;BUMP RAM POINTER
    2481/     CB3 : C3 AA 0C                    JMP  EERD1              ;AND LOOP
    2482/     CB6 : CD 70 0C            EERD2:  CALL CSHIGH             ;END OF READ SESSION
    2483/     CB9 : C9                          RET
    2484/     CBA :                     ;
    2485/     CBA : 7A                  EEWRPG: MOV  A,D                ;** WRITE PAGE EEPROM **
    2486/     CBB : B3                          ORA  E                  ;CHECK FOR ZERO LENGTH
    2487/     CBC : C8                          RZ                      ;SKIP IF SO
    2488/     CBD : C5                          PUSH B                  ;SAVE START ADDR (BC)
    2489/     CBE : CD 77 0C                    CALL CHKWIP             ;DURING WR.IN.PROGRESS
    2490/     CC1 : C1                          POP  B                  ;RESTORE IT
    2491/     CC2 : CD 6B 0C                    CALL CSLOW              ;SELECT EEPROM
    2492/     CC5 : 3E 06                       MVI  A,EEWREN           ;OPCODE WRITE ENABLE
    2493/     CC7 : CD 3C 0C                    CALL SDOUT              ;TRANSMIT IT
    2494/     CCA : CD 70 0C                    CALL CSHIGH             ;DESELECT
    2495/     CCD : CD 6B 0C                    CALL CSLOW              ;SELECT AGAIN
    2496/     CD0 : 3E 02                       MVI  A,EEWRDA           ;OPCODE WRITE DATA
    2497/     CD2 : CD 3C 0C                    CALL SDOUT              ;TRANSMIT IT
    2498/     CD5 : 78                          MOV  A,B                ;GET ADDRESS HIGH BYTE
    2499/     CD6 : CD 3C 0C                    CALL SDOUT              ;TRANSMIT
    2500/     CD9 : 79                          MOV  A,C                ;GET ADDRESS LOW BYTE
    2501/     CDA : CD 3C 0C                    CALL SDOUT              ;TRANSMIT
    2502/     CDD : 1B                  EEWR1:  DCX  D                  ;DECREMENT LENGTH
    2503/     CDE : (MACRO)                     JK   EEWR2              ;FINISH WHEN UNDERFLOW
    2503/     CDE : FD                          DB    0FDH
    2503/     CDF : EA                          DB    (EEWR2 & 0FFH)
    2503/     CE0 : 0C                          DB    (EEWR2 >> 8)
    2504/     CE1 : 7E                          MOV  A,M                ;FETCH FROM RAM
    2505/     CE2 : 23                          INX  H                  ;BUMP RAM POINTER
    2506/     CE3 : 03                          INX  B                  ;AND NEXT START ADDR
    2507/     CE4 : CD 3C 0C                    CALL SDOUT              ;TRANSMIT DATA
    2508/     CE7 : C3 DD 0C                    JMP  EEWR1              ;AND LOOP
    2509/     CEA : CD 70 0C            EEWR2:  CALL CSHIGH             ;END OF WRITE SESSION
    2510/     CED : C9                          RET
    2511/     CEE :                     ;
    2512/     CEE : C5                  EEWR:   PUSH B                  ;SAVE START ADDRESS
    2513/     CEF : E3                          XTHL                    ;SWAP WITH DATAPTR
    2514/     CF0 : 22 80 BF                    SHLD STKLMT+0           ;START ADDRESS @+0
    2515/     CF3 : EB                          XCHG                    ;SWAP TOT LEN TO (HL)
    2516/     CF4 : 22 82 BF                    SHLD STKLMT+2           ;TOT LENGTH @+2
    2517/     CF7 : E1                          POP  H                  ;GET DATAPTR BACK
    2518/     CF8 : 22 84 BF                    SHLD STKLMT+4           ;DATAPTR @+4
    2519/     CFB : EB                          XCHG                    ;SWAP BACK START ADR
    2520/     CFC : 11 40 00                    LXI  D,EEPGSZ           ;GET THE PAGE SIZE
    2521/     CFF : CD 52 07                    CALL DIVIDE             ;DIVIDE ADDR/PGSIZE
    2522/     D02 : EB                          XCHG                    ;REMAINDER TO (DE)
    2523/     D03 : 21 40 00                    LXI  H,EEPGSZ           ;GET THE PAGE SIZE
    2524/     D06 : CD 68 07                    CALL SUBDE              ;SUBTRACT PAGE OFFSET
    2525/     D09 : EB                          XCHG                    ;TO GET REMAINING MAX
    2526/     D0A : C3 10 0D                    JMP  EEW2               ;LENGTH OF FIRST PAGE
    2527/     D0D : 11 40 00            EEW1:   LXI  D,EEPGSZ           ;GET THE PAGE SIZE
    2528/     D10 : 2A 82 BF            EEW2:   LHLD STKLMT+2           ;GET TOT LENGTH
    2529/     D13 : E7                          RST  4                  ;COMPARE (HL - DE)
    2530/     D14 : D2 1C 0D                    JNC  EEW3               ;JMP IF (HL) >= (DE)
    2531/     D17 : 7C                          MOV  A,H                ;LESS THAN ONE PAGE
    2532/     D18 : B5                          ORA  L                  ;TO WRITE, SKIP
    2533/     D19 : C8                          RZ                      ;IF NOTHING AT ALL
    2534/     D1A : 54                          MOV  D,H                ;HAVE BYTES TO WRITE
    2535/     D1B : 5D                          MOV  E,L                ;PUT LENGTH IN (DE)
    2536/     D1C : CD 68 07            EEW3:   CALL SUBDE              ;SUB CHUNK LEN FROM TOT
    2537/     D1F : 22 82 BF                    SHLD STKLMT+2           ;SAVE REMAINING LENGTH
    2538/     D22 : 2A 80 BF                    LHLD STKLMT+0           ;GET ADDRESS
    2539/     D25 : 44                          MOV  B,H                ;AND TRANSFER
    2540/     D26 : 4D                          MOV  C,L                ;IT TO (BC)
    2541/     D27 : 2A 84 BF                    LHLD STKLMT+4           ;GET DATAPTR
    2542/     D2A : CD BA 0C                    CALL EEWRPG             ;WRITE THIS PAGE
    2543/     D2D : 22 84 BF                    SHLD STKLMT+4           ;SAVE UPDATED DATAPTR
    2544/     D30 : 60                          MOV  H,B                ;MOVE ADDRESS
    2545/     D31 : 69                          MOV  L,C                ;BACK TO (HL)
    2546/     D32 : 22 80 BF                    SHLD STKLMT+0           ;SAVE NEW ADDRESS
    2547/     D35 : C3 0D 0D                    JMP  EEW1               ;AND CONTINUE
    2548/     D38 :                     ;
    2549/     D38 : 0D                  MSG0:   DB   CR
    2550/     D39 : 20 20 20 20 54 49           DB   "    TINY BASIC FOR INTEL 8085"    ,CR
                    4E 59 20 42 41 53 
                    49 43 20 46 4F 52 
                    20 49 4E 54 45 4C 
                    20 38 30 38 35 0D 
    2551/     D57 : 20 4C 49 2D 43 48           DB   " LI-CHEN WANG/ROGER RAUSKOLB 1976",CR
                    45 4E 20 57 41 4E 
                    47 2F 52 4F 47 45 
                    52 20 52 41 55 53 
                    4B 4F 4C 42 20 31 
                    39 37 36 0D 
    2552/     D79 : 20 20 20 20 20 20           DB   "        ANDERS HJELM 2020"        ,CR
                    20 20 41 4E 44 45 
                    52 53 20 48 4A 45 
                    4C 4D 20 32 30 32 
                    30 0D 
    2553/     D93 : 00                          DB   0
    2554/     D94 :                     ;
    2555/     D94 : 0D                  MSGHLP: DB   CR
    2556/     D95 : 43 4D 44 53 7C 20           DB   "CMDS| STATEMENTS  |FUNC|OPERANDS",CR
                    53 54 41 54 45 4D 
                    45 4E 54 53 20 20 
                    7C 46 55 4E 43 7C 
                    4F 50 45 52 41 4E 
                    44 53 0D 
    2557/     DB6 : 2D 2D 2D 2D 7C 2D           DB   "----|-------------|----|--------",CR
                    2D 2D 2D 2D 2D 2D 
                    2D 2D 2D 2D 2D 2D 
                    7C 2D 2D 2D 2D 7C 
                    2D 2D 2D 2D 2D 2D 
                    2D 2D 0D 
    2558/     DD7 : 4C 49 53 54 7C 46           DB   "LIST|FOR TO [STEP]|RND | >   >=",CR
                    4F 52 20 54 4F 20 
                    5B 53 54 45 50 5D 
                    7C 52 4E 44 20 7C 
                    20 3E 20 20 20 3E 
                    3D 0D 
    2559/     DF7 : 52 55 4E 20 7C 4E           DB   "RUN |NEXT  IF  LET|ABS | <   <=",CR
                    45 58 54 20 20 49 
                    46 20 20 4C 45 54 
                    7C 41 42 53 20 7C 
                    20 3C 20 20 20 3C 
                    3D 0D 
    2560/     E17 : 4E 45 57 20 7C 49           DB   "NEW |INPUT    GOTO|PEEK| ==  !=",CR
                    4E 50 55 54 20 20 
                    20 20 47 4F 54 4F 
                    7C 50 45 45 4B 7C 
                    20 3D 3D 20 20 21 
                    3D 0D 
    2561/     E37 : 53 41 56 45 7C 50           DB   "SAVE|PRINT   GOSUB|IN  |"       ,CR
                    52 49 4E 54 20 20 
                    20 47 4F 53 55 42 
                    7C 49 4E 20 20 7C 
                    0D 
    2562/     E50 : 4C 4F 41 44 7C 50           DB   "LOAD|PUTC   RETURN|SID |=  +  -",CR
                    55 54 43 20 20 20 
                    52 45 54 55 52 4E 
                    7C 53 49 44 20 7C 
                    3D 20 20 2B 20 20 
                    2D 0D 
    2563/     E70 : 45 44 49 54 7C 50           DB   "EDIT|POKE     WAIT|GETC|*  /  %",CR
                    4F 4B 45 20 20 20 
                    20 20 57 41 49 54 
                    7C 47 45 54 43 7C 
                    2A 20 20 2F 20 20 
                    25 0D 
    2564/     E90 : 4D 41 4E 20 7C 4F           DB   "MAN |OUT      BEEP|TIME|<<   >>",CR
                    55 54 20 20 20 20 
                    20 20 42 45 45 50 
                    7C 54 49 4D 45 7C 
                    3C 3C 20 20 20 3E 
                    3E 0D 
    2565/     EB0 : 3F 20 20 20 7C 53           DB   "?   |SOD      XTAL|USR |"       ,CR
                    4F 44 20 20 20 20 
                    20 20 58 54 41 4C 
                    7C 55 53 52 20 7C 
                    0D 
    2566/     EC9 : 20 20 20 20 7C 53           DB   "    |STOP   SIGNED|LEN | !   ~ ",CR
                    54 4F 50 20 20 20 
                    53 49 47 4E 45 44 
                    7C 4C 45 4E 20 7C 
                    20 21 20 20 20 7E 
                    20 0D 
    2567/     EE9 : 20 20 20 20 7C 52           DB   "    |REM    UNSIGN|FREE|&  |  ^",CR
                    45 4D 20 20 20 20 
                    55 4E 53 49 47 4E 
                    7C 46 52 45 45 7C 
                    26 20 20 7C 20 20 
                    5E 0D 
    2568/     F09 : 00                          DB   0
    2569/     F0A :                     ;
    2570/     F0A : 0D                  MSGMAN: DB   CR
    2571/     F0B : 54 69 6E 79 20 42           DB   "Tiny Basic for Micro 8085 board"                                  ,CR
                    61 73 69 63 20 66 
                    6F 72 20 4D 69 63 
                    72 6F 20 38 30 38 
                    35 20 62 6F 61 72 
                    64 0D 
    2572/     F2B : 2D 2D 2D 2D 2D 2D           DB   "-------------------------------"                                  ,CR
                    2D 2D 2D 2D 2D 2D 
                    2D 2D 2D 2D 2D 2D 
                    2D 2D 2D 2D 2D 2D 
                    2D 2D 2D 2D 2D 2D 
                    2D 0D 
    2573/     F4B : 54 68 69 73 20 69           DB   "This implementation is based on Palo Alto Tiny Basic."            ,CR
                    6D 70 6C 65 6D 65 
                    6E 74 61 74 69 6F 
                    6E 20 69 73 20 62 
                    61 73 65 64 20 6F 
                    6E 20 50 61 6C 6F 
                    20 41 6C 74 6F 20 
                    54 69 6E 79 20 42 
                    61 73 69 63 2E 0D 
    2574/     F81 : 43 72 65 64 69 74           DB   "Credits to Dr.Li-Chen Wang and Roger Rauskolb, 1976."             ,CR
                    73 20 74 6F 20 44 
                    72 2E 4C 69 2D 43 
                    68 65 6E 20 57 61 
                    6E 67 20 61 6E 64 
                    20 52 6F 67 65 72 
                    20 52 61 75 73 6B 
                    6F 6C 62 2C 20 31 
                    39 37 36 2E 0D 
    2575/     FB6 : 41 64 64 69 74 69           DB   "Additions and updates by Anders Hjelm, 2020."                     ,CR
                    6F 6E 73 20 61 6E 
                    64 20 75 70 64 61 
                    74 65 73 20 62 79 
                    20 41 6E 64 65 72 
                    73 20 48 6A 65 6C 
                    6D 2C 20 32 30 32 
                    30 2E 0D 
    2576/     FE3 : 0D                          DB   CR
    2577/     FE4 : 43 6F 6E 6E 65 63           DB   "Connect to PC using USB port. Open a terminal emulator, e.g."     ,CR
                    74 20 74 6F 20 50 
                    43 20 75 73 69 6E 
                    67 20 55 53 42 20 
                    70 6F 72 74 2E 20 
                    4F 70 65 6E 20 61 
                    20 74 65 72 6D 69 
                    6E 61 6C 20 65 6D 
                    75 6C 61 74 6F 72 
                    2C 20 65 2E 67 2E 
                    0D 
    2578/    1021 : 54 65 72 61 54 65           DB   "TeraTerm using comm. setup 19200 bps, 8 data bits, no parity."    ,CR
                    72 6D 20 75 73 69 
                    6E 67 20 63 6F 6D 
                    6D 2E 20 73 65 74 
                    75 70 20 31 39 32 
                    30 30 20 62 70 73 
                    2C 20 38 20 64 61 
                    74 61 20 62 69 74 
                    73 2C 20 6E 6F 20 
                    70 61 72 69 74 79 
                    2E 0D 
    2579/    105F : 53 65 74 75 70 20           DB   "Setup a 50 ms delay at end of line for sending BASIC text files." ,CR
                    61 20 35 30 20 6D 
                    73 20 64 65 6C 61 
                    79 20 61 74 20 65 
                    6E 64 20 6F 66 20 
                    6C 69 6E 65 20 66 
                    6F 72 20 73 65 6E 
                    64 69 6E 67 20 42 
                    41 53 49 43 20 74 
                    65 78 74 20 66 69 
                    6C 65 73 2E 0D 
    2580/    10A0 : 42 6F 61 72 64 20           DB   "Board is powered by USB cable. Alt. source is 5VDC from DC plug." ,CR
                    69 73 20 70 6F 77 
                    65 72 65 64 20 62 
                    79 20 55 53 42 20 
                    63 61 62 6C 65 2E 
                    20 41 6C 74 2E 20 
                    73 6F 75 72 63 65 
                    20 69 73 20 35 56 
                    44 43 20 66 72 6F 
                    6D 20 44 43 20 70 
                    6C 75 67 2E 0D 
    2581/    10E1 : 0D                          DB   CR
    2582/    10E2 : 41 6C 6C 20 6E 75           DB   "All numbers are integers. Range is -32768 to 32767 in signed"     ,CR
                    6D 62 65 72 73 20 
                    61 72 65 20 69 6E 
                    74 65 67 65 72 73 
                    2E 20 52 61 6E 67 
                    65 20 69 73 20 2D 
                    33 32 37 36 38 20 
                    74 6F 20 33 32 37 
                    36 37 20 69 6E 20 
                    73 69 67 6E 65 64 
                    0D 
    2583/    111F : 6D 6F 64 65 2C 20           DB   "mode, or 0 to 65535 in unsigned mode."                            ,CR
                    6F 72 20 30 20 74 
                    6F 20 36 35 35 33 
                    35 20 69 6E 20 75 
                    6E 73 69 67 6E 65 
                    64 20 6D 6F 64 65 
                    2E 0D 
    2584/    1145 : 0D                          DB   CR
    2585/    1146 : 56 61 72 69 61 62           DB   "Variables are A through Z and array @(0)..@(N) where N"           ,CR
                    6C 65 73 20 61 72 
                    65 20 41 20 74 68 
                    72 6F 75 67 68 20 
                    5A 20 61 6E 64 20 
                    61 72 72 61 79 20 
                    40 28 30 29 2E 2E 
                    40 28 4E 29 20 77 
                    68 65 72 65 20 4E 
                    0D 
    2586/    117D : 64 65 70 65 6E 64           DB   "depends on amount of free memory."                                ,CR
                    73 20 6F 6E 20 61 
                    6D 6F 75 6E 74 20 
                    6F 66 20 66 72 65 
                    65 20 6D 65 6D 6F 
                    72 79 2E 0D 
    2587/    119F : 0D                          DB   CR
    2588/    11A0 : 44 69 72 65 63 74           DB   "Direct commands (type direct at prompt)"                          ,CR
                    20 63 6F 6D 6D 61 
                    6E 64 73 20 28 74 
                    79 70 65 20 64 69 
                    72 65 63 74 20 61 
                    74 20 70 72 6F 6D 
                    70 74 29 0D 
    2589/    11C8 : 2D 2D 2D 2D 2D 2D           DB   "---------------"                                                  ,CR
                    2D 2D 2D 2D 2D 2D 
                    2D 2D 2D 0D 
    2590/    11D8 : 4C 49 53 54 20 5B           DB   "LIST [n] Lists all statements (Option from line number)"          ,CR
                    6E 5D 20 4C 69 73 
                    74 73 20 61 6C 6C 
                    20 73 74 61 74 65 
                    6D 65 6E 74 73 20 
                    28 4F 70 74 69 6F 
                    6E 20 66 72 6F 6D 
                    20 6C 69 6E 65 20 
                    6E 75 6D 62 65 72 
                    29 0D 
    2591/    1210 : 52 55 4E 20 20 20           DB   "RUN      Execute the current program"                             ,CR
                    20 20 20 45 78 65 
                    63 75 74 65 20 74 
                    68 65 20 63 75 72 
                    72 65 6E 74 20 70 
                    72 6F 67 72 61 6D 
                    0D 
    2592/    1235 : 4E 45 57 20 20 20           DB   "NEW      Purge all lines of the current program"                  ,CR
                    20 20 20 50 75 72 
                    67 65 20 61 6C 6C 
                    20 6C 69 6E 65 73 
                    20 6F 66 20 74 68 
                    65 20 63 75 72 72 
                    65 6E 74 20 70 72 
                    6F 67 72 61 6D 0D 
    2593/    1265 : 53 41 56 45 20 20           DB   "SAVE     Save current program to non volatile memory"             ,CR
                    20 20 20 53 61 76 
                    65 20 63 75 72 72 
                    65 6E 74 20 70 72 
                    6F 67 72 61 6D 20 
                    74 6F 20 6E 6F 6E 
                    20 76 6F 6C 61 74 
                    69 6C 65 20 6D 65 
                    6D 6F 72 79 0D 
    2594/    129A : 4C 4F 41 44 20 20           DB   "LOAD     Load program from non volatile memory"                   ,CR
                    20 20 20 4C 6F 61 
                    64 20 70 72 6F 67 
                    72 61 6D 20 66 72 
                    6F 6D 20 6E 6F 6E 
                    20 76 6F 6C 61 74 
                    69 6C 65 20 6D 65 
                    6D 6F 72 79 0D 
    2595/    12C9 : 45 44 49 54 20 6E           DB   "EDIT n   Edit or change program line with number n"               ,CR
                    20 20 20 45 64 69 
                    74 20 6F 72 20 63 
                    68 61 6E 67 65 20 
                    70 72 6F 67 72 61 
                    6D 20 6C 69 6E 65 
                    20 77 69 74 68 20 
                    6E 75 6D 62 65 72 
                    20 6E 0D 
    2596/    12FC : 4D 41 4E 20 20 20           DB   "MAN      This manual"                                             ,CR
                    20 20 20 54 68 69 
                    73 20 6D 61 6E 75 
                    61 6C 0D 
    2597/    1311 : 3F 20 20 20 20 20           DB   "?        Short help"                                              ,CR
                    20 20 20 53 68 6F 
                    72 74 20 68 65 6C 
                    70 0D 
    2598/    1325 : 0D                          DB   CR
    2599/    1326 : 4D 6F 73 74 20 72           DB   "Most recent typed command can be retrieved by pressing"           ,CR
                    65 63 65 6E 74 20 
                    74 79 70 65 64 20 
                    63 6F 6D 6D 61 6E 
                    64 20 63 61 6E 20 
                    62 65 20 72 65 74 
                    72 69 65 76 65 64 
                    20 62 79 20 70 72 
                    65 73 73 69 6E 67 
                    0D 
    2600/    135D : 61 72 72 6F 77 20           DB   "arrow up (or down). Use left/right arrow to move cursor,"         ,CR
                    75 70 20 28 6F 72 
                    20 64 6F 77 6E 29 
                    2E 20 55 73 65 20 
                    6C 65 66 74 2F 72 
                    69 67 68 74 20 61 
                    72 72 6F 77 20 74 
                    6F 20 6D 6F 76 65 
                    20 63 75 72 73 6F 
                    72 2C 0D 
    2601/    1396 : 64 65 6C 65 74 65           DB   "delete or backspace for corrections, and type new text"           ,CR
                    20 6F 72 20 62 61 
                    63 6B 73 70 61 63 
                    65 20 66 6F 72 20 
                    63 6F 72 72 65 63 
                    74 69 6F 6E 73 2C 
                    20 61 6E 64 20 74 
                    79 70 65 20 6E 65 
                    77 20 74 65 78 74 
                    0D 
    2602/    13CD : 77 68 65 72 65 20           DB   "where needed. EDIT session ends by pressing <Enter>."             ,CR
                    6E 65 65 64 65 64 
                    2E 20 45 44 49 54 
                    20 73 65 73 73 69 
                    6F 6E 20 65 6E 64 
                    73 20 62 79 20 70 
                    72 65 73 73 69 6E 
                    67 20 3C 45 6E 74 
                    65 72 3E 2E 0D 
    2603/    1402 : 0D                          DB   CR
    2604/    1403 : 49 66 20 74 68 65           DB   "If the first line of a program which is saved in non volatile"    ,CR
                    20 66 69 72 73 74 
                    20 6C 69 6E 65 20 
                    6F 66 20 61 20 70 
                    72 6F 67 72 61 6D 
                    20 77 68 69 63 68 
                    20 69 73 20 73 61 
                    76 65 64 20 69 6E 
                    20 6E 6F 6E 20 76 
                    6F 6C 61 74 69 6C 
                    65 0D 
    2605/    1441 : 6D 65 6D 6F 72 79           DB   "memory is 'nn REM AUTORUN', the program will automatically be"    ,CR
                    20 69 73 20 27 6E 
                    6E 20 52 45 4D 20 
                    41 55 54 4F 52 55 
                    4E 27 2C 20 74 68 
                    65 20 70 72 6F 67 
                    72 61 6D 20 77 69 
                    6C 6C 20 61 75 74 
                    6F 6D 61 74 69 63 
                    61 6C 6C 79 20 62 
                    65 0D 
    2606/    147F : 6C 6F 61 64 65 64           DB   "loaded and executed after power on (nn is line number)."          ,CR
                    20 61 6E 64 20 65 
                    78 65 63 75 74 65 
                    64 20 61 66 74 65 
                    72 20 70 6F 77 65 
                    72 20 6F 6E 20 28 
                    6E 6E 20 69 73 20 
                    6C 69 6E 65 20 6E 
                    75 6D 62 65 72 29 
                    2E 0D 
    2607/    14B7 : 0D                          DB   CR
    2608/    14B8 : 50 72 6F 67 72 61           DB   "Program execution can be terminated by pressing <Ctrl><C>"        ,CR
                    6D 20 65 78 65 63 
                    75 74 69 6F 6E 20 
                    63 61 6E 20 62 65 
                    20 74 65 72 6D 69 
                    6E 61 74 65 64 20 
                    62 79 20 70 72 65 
                    73 73 69 6E 67 20 
                    3C 43 74 72 6C 3E 
                    3C 43 3E 0D 
    2609/    14F2 : 0D                          DB   CR
    2610/    14F3 : 53 74 61 74 65 6D           DB   "Statements (type direct at prompt or put them on a numbered line)",CR
                    65 6E 74 73 20 28 
                    74 79 70 65 20 64 
                    69 72 65 63 74 20 
                    61 74 20 70 72 6F 
                    6D 70 74 20 6F 72 
                    20 70 75 74 20 74 
                    68 65 6D 20 6F 6E 
                    20 61 20 6E 75 6D 
                    62 65 72 65 64 20 
                    6C 69 6E 65 29 0D 
    2611/    1535 : 2D 2D 2D 2D 2D 2D           DB   "----------"                                                       ,CR
                    2D 2D 2D 2D 0D 
    2612/    1540 : 46 4F 52 20 76 3D           DB   "FOR v=expr TO expr [STEP expr]  Setup a repetitive loop, e.g."    ,CR
                    65 78 70 72 20 54 
                    4F 20 65 78 70 72 
                    20 5B 53 54 45 50 
                    20 65 78 70 72 5D 
                    20 20 53 65 74 75 
                    70 20 61 20 72 65 
                    70 65 74 69 74 69 
                    76 65 20 6C 6F 6F 
                    70 2C 20 65 2E 67 
                    2E 0D 
    2613/    157E : 20 20 20 20 20 20           DB   "                                FOR I=1 TO 10 (STEP is optional)" ,CR
                    20 20 20 20 20 20 
                    20 20 20 20 20 20 
                    20 20 20 20 20 20 
                    20 20 20 20 20 20 
                    20 20 46 4F 52 20 
                    49 3D 31 20 54 4F 
                    20 31 30 20 28 53 
                    54 45 50 20 69 73 
                    20 6F 70 74 69 6F 
                    6E 61 6C 29 0D 
    2614/    15BF : 4E 45 58 54 20 76           DB   "NEXT v       End delimiter of FOR loop"                           ,CR
                    20 20 20 20 20 20 
                    20 45 6E 64 20 64 
                    65 6C 69 6D 69 74 
                    65 72 20 6F 66 20 
                    46 4F 52 20 6C 6F 
                    6F 70 0D 
    2615/    15E6 : 4C 45 54 20 76 3D           DB   "LET v=expr   Assign a value to a variable, e.g. LET A=2*B"        ,CR
                    65 78 70 72 20 20 
                    20 41 73 73 69 67 
                    6E 20 61 20 76 61 
                    6C 75 65 20 74 6F 
                    20 61 20 76 61 72 
                    69 61 62 6C 65 2C 
                    20 65 2E 67 2E 20 
                    4C 45 54 20 41 3D 
                    32 2A 42 0D 
    2616/    1620 : 49 46 20 65 78 70           DB   "IF expr      If expr is true, execute rest of line"               ,CR
                    72 20 20 20 20 20 
                    20 49 66 20 65 78 
                    70 72 20 69 73 20 
                    74 72 75 65 2C 20 
                    65 78 65 63 75 74 
                    65 20 72 65 73 74 
                    20 6F 66 20 6C 69 
                    6E 65 0D 
    2617/    1653 : 47 4F 54 4F 20 65           DB   "GOTO expr    Jump to line number pointed out by expr"             ,CR
                    78 70 72 20 20 20 
                    20 4A 75 6D 70 20 
                    74 6F 20 6C 69 6E 
                    65 20 6E 75 6D 62 
                    65 72 20 70 6F 69 
                    6E 74 65 64 20 6F 
                    75 74 20 62 79 20 
                    65 78 70 72 0D 
    2618/    1688 : 47 4F 53 55 42 20           DB   "GOSUB expr   Jump to subroutine on line pointed out by expr"      ,CR
                    65 78 70 72 20 20 
                    20 4A 75 6D 70 20 
                    74 6F 20 73 75 62 
                    72 6F 75 74 69 6E 
                    65 20 6F 6E 20 6C 
                    69 6E 65 20 70 6F 
                    69 6E 74 65 64 20 
                    6F 75 74 20 62 79 
                    20 65 78 70 72 0D 
    2619/    16C4 : 52 45 54 55 52 4E           DB   "RETURN            Return from subroutine"                         ,CR
                    20 20 20 20 20 20 
                    20 20 20 20 20 20 
                    52 65 74 75 72 6E 
                    20 66 72 6F 6D 20 
                    73 75 62 72 6F 75 
                    74 69 6E 65 0D 
    2620/    16ED : 49 4E 50 55 54 20           DB   "INPUT [\"Text\",]v  Lets user input a value to a variable"        ,CR
                    5B 22 54 65 78 74 
                    22 2C 5D 76 20 20 
                    4C 65 74 73 20 75 
                    73 65 72 20 69 6E 
                    70 75 74 20 61 20 
                    76 61 6C 75 65 20 
                    74 6F 20 61 20 76 
                    61 72 69 61 62 6C 
                    65 0D 
    2621/    1725 : 50 52 49 4E 54 20           DB   "PRINT \"Text\",v    Prints text, values of variables, etc."       ,CR
                    22 54 65 78 74 22 
                    2C 76 20 20 20 20 
                    50 72 69 6E 74 73 
                    20 74 65 78 74 2C 
                    20 76 61 6C 75 65 
                    73 20 6F 66 20 76 
                    61 72 69 61 62 6C 
                    65 73 2C 20 65 74 
                    63 2E 0D 
    2622/    175E : 50 55 54 43 20 65           DB   "PUTC expr         Prints the ascii char of expr"                  ,CR
                    78 70 72 20 20 20 
                    20 20 20 20 20 20 
                    50 72 69 6E 74 73 
                    20 74 68 65 20 61 
                    73 63 69 69 20 63 
                    68 61 72 20 6F 66 
                    20 65 78 70 72 0D 
    2623/    178E : 50 4F 4B 45 20 61           DB   "POKE addr,value   Perform CPU memory write operation"             ,CR
                    64 64 72 2C 76 61 
                    6C 75 65 20 20 20 
                    50 65 72 66 6F 72 
                    6D 20 43 50 55 20 
                    6D 65 6D 6F 72 79 
                    20 77 72 69 74 65 
                    20 6F 70 65 72 61 
                    74 69 6F 6E 0D 
    2624/    17C3 : 4F 55 54 20 61 64           DB   "OUT addr,value    Perform CPU io write operation"                 ,CR
                    64 72 2C 76 61 6C 
                    75 65 20 20 20 20 
                    50 65 72 66 6F 72 
                    6D 20 43 50 55 20 
                    69 6F 20 77 72 69 
                    74 65 20 6F 70 65 
                    72 61 74 69 6F 6E 
                    0D 
    2625/    17F4 : 53 4F 44 20 76 61           DB   "SOD value         Serial output data, SPI bus transmit"           ,CR
                    6C 75 65 20 20 20 
                    20 20 20 20 20 20 
                    53 65 72 69 61 6C 
                    20 6F 75 74 70 75 
                    74 20 64 61 74 61 
                    2C 20 53 50 49 20 
                    62 75 73 20 74 72 
                    61 6E 73 6D 69 74 
                    0D 
    2626/    182B : 57 41 49 54 20 65           DB   "WAIT expr    Wait/halts execution for expr millisecs"             ,CR
                    78 70 72 20 20 20 
                    20 57 61 69 74 2F 
                    68 61 6C 74 73 20 
                    65 78 65 63 75 74 
                    69 6F 6E 20 66 6F 
                    72 20 65 78 70 72 
                    20 6D 69 6C 6C 69 
                    73 65 63 73 0D 
    2627/    1860 : 42 45 45 50 20 65           DB   "BEEP expr    Makes sound with duration expr millisecs"            ,CR
                    78 70 72 20 20 20 
                    20 4D 61 6B 65 73 
                    20 73 6F 75 6E 64 
                    20 77 69 74 68 20 
                    64 75 72 61 74 69 
                    6F 6E 20 65 78 70 
                    72 20 6D 69 6C 6C 
                    69 73 65 63 73 0D 
    2628/    1896 : 58 54 41 4C 20 65           DB   "XTAL expr    Manipulate the freq.division (default 6144)"         ,CR
                    78 70 72 20 20 20 
                    20 4D 61 6E 69 70 
                    75 6C 61 74 65 20 
                    74 68 65 20 66 72 
                    65 71 2E 64 69 76 
                    69 73 69 6F 6E 20 
                    28 64 65 66 61 75 
                    6C 74 20 36 31 34 
                    34 29 0D 
    2629/    18CF : 53 49 47 4E 45 44           DB   "SIGNED       Set signed mode (default)"                           ,CR
                    20 20 20 20 20 20 
                    20 53 65 74 20 73 
                    69 67 6E 65 64 20 
                    6D 6F 64 65 20 28 
                    64 65 66 61 75 6C 
                    74 29 0D 
    2630/    18F6 : 55 4E 53 49 47 4E           DB   "UNSIGN       Set unsigned mode (use for time calculations)"       ,CR
                    20 20 20 20 20 20 
                    20 53 65 74 20 75 
                    6E 73 69 67 6E 65 
                    64 20 6D 6F 64 65 
                    20 28 75 73 65 20 
                    66 6F 72 20 74 69 
                    6D 65 20 63 61 6C 
                    63 75 6C 61 74 69 
                    6F 6E 73 29 0D 
    2631/    1931 : 53 54 4F 50 20 20           DB   "STOP         Stop execution of program"                           ,CR
                    20 20 20 20 20 20 
                    20 53 74 6F 70 20 
                    65 78 65 63 75 74 
                    69 6F 6E 20 6F 66 
                    20 70 72 6F 67 72 
                    61 6D 0D 
    2632/    1958 : 52 45 4D 20 20 20           DB   "REM          Use remark for comments"                             ,CR
                    20 20 20 20 20 20 
                    20 55 73 65 20 72 
                    65 6D 61 72 6B 20 
                    66 6F 72 20 63 6F 
                    6D 6D 65 6E 74 73 
                    0D 
    2633/    197D : 0D                          DB   CR
    2634/    197E : 50 72 69 6E 74 20           DB   "Print options"                                                    ,CR
                    6F 70 74 69 6F 6E 
                    73 0D 
    2635/    198C : 2D 2D 2D 2D 2D 2D           DB   "-------------"                                                    ,CR
                    2D 2D 2D 2D 2D 2D 
                    2D 0D 
    2636/    199A : 22 5F 22 20 6F 72           DB   "\"_\" or '_'  Place text between double or single quotes"         ,CR
                    20 27 5F 27 20 20 
                    50 6C 61 63 65 20 
                    74 65 78 74 20 62 
                    65 74 77 65 65 6E 
                    20 64 6F 75 62 6C 
                    65 20 6F 72 20 73 
                    69 6E 67 6C 65 20 
                    71 75 6F 74 65 73 
                    0D 
    2637/    19D1 : 23 6E 20 20 4E 75           DB   "#n  Numbers printed decimal using n positions (default #6)"       ,CR
                    6D 62 65 72 73 20 
                    70 72 69 6E 74 65 
                    64 20 64 65 63 69 
                    6D 61 6C 20 75 73 
                    69 6E 67 20 6E 20 
                    70 6F 73 69 74 69 
                    6F 6E 73 20 28 64 
                    65 66 61 75 6C 74 
                    20 23 36 29 0D 
    2638/    1A0C : 24 6E 20 20 4E 75           DB   "$n  Numbers printed hexadecimal using n pos (must be $2 or more)" ,CR
                    6D 62 65 72 73 20 
                    70 72 69 6E 74 65 
                    64 20 68 65 78 61 
                    64 65 63 69 6D 61 
                    6C 20 75 73 69 6E 
                    67 20 6E 20 70 6F 
                    73 20 28 6D 75 73 
                    74 20 62 65 20 24 
                    32 20 6F 72 20 6D 
                    6F 72 65 29 0D 
    2639/    1A4D : 5C 62 20 20 50 72           DB   "\\b  Print the ascii char of value b"                             ,CR
                    69 6E 74 20 74 68 
                    65 20 61 73 63 69 
                    69 20 63 68 61 72 
                    20 6F 66 20 76 61 
                    6C 75 65 20 62 0D 
    2640/    1A71 : 20 2C 20 20 28 63           DB   " ,  (comma) Argument delimiter."                                  ,CR
                    6F 6D 6D 61 29 20 
                    41 72 67 75 6D 65 
                    6E 74 20 64 65 6C 
                    69 6D 69 74 65 72 
                    2E 0D 
    2641/    1A91 : 0D                          DB   CR
    2642/    1A92 : 65 2E 67 2E 20 50           DB   "e.g. PRINT \"DECIMAL=\",#5,A,\\10,\"HEX=\",$5,A"                  ,CR
                    52 49 4E 54 20 22 
                    44 45 43 49 4D 41 
                    4C 3D 22 2C 23 35 
                    2C 41 2C 5C 31 30 
                    2C 22 48 45 58 3D 
                    22 2C 24 35 2C 41 
                    0D 
    2643/    1ABD : 0D                          DB   CR
    2644/    1ABE : 43 6F 6D 6D 61 20           DB   "Comma at end of PRINT statement means no new line generated"      ,CR
                    61 74 20 65 6E 64 
                    20 6F 66 20 50 52 
                    49 4E 54 20 73 74 
                    61 74 65 6D 65 6E 
                    74 20 6D 65 61 6E 
                    73 20 6E 6F 20 6E 
                    65 77 20 6C 69 6E 
                    65 20 67 65 6E 65 
                    72 61 74 65 64 0D 
    2645/    1AFA : 24 20 61 6C 73 6F           DB   "$ also used for INPUT of hexadecimal values, e.g. $7FA"           ,CR
                    20 75 73 65 64 20 
                    66 6F 72 20 49 4E 
                    50 55 54 20 6F 66 
                    20 68 65 78 61 64 
                    65 63 69 6D 61 6C 
                    20 76 61 6C 75 65 
                    73 2C 20 65 2E 67 
                    2E 20 24 37 46 41 
                    0D 
    2646/    1B31 : 53 69 6E 67 6C 65           DB   "Single quotes for assignment of ascii value, e.g. A='!'"          ,CR
                    20 71 75 6F 74 65 
                    73 20 66 6F 72 20 
                    61 73 73 69 67 6E 
                    6D 65 6E 74 20 6F 
                    66 20 61 73 63 69 
                    69 20 76 61 6C 75 
                    65 2C 20 65 2E 67 
                    2E 20 41 3D 27 21 
                    27 0D 
    2647/    1B69 : 43 6F 6C 6F 6E 20           DB   "Colon for more statements on same line, e.g.30 PUTC(64) : GOTO 80",CR
                    66 6F 72 20 6D 6F 
                    72 65 20 73 74 61 
                    74 65 6D 65 6E 74 
                    73 20 6F 6E 20 73 
                    61 6D 65 20 6C 69 
                    6E 65 2C 20 65 2E 
                    67 2E 33 30 20 50 
                    55 54 43 28 36 34 
                    29 20 3A 20 47 4F 
                    54 4F 20 38 30 0D 
    2648/    1BAB : 50 61 72 65 6E 74           DB   "Parentheses around expressions are optional, use when necessary"  ,CR
                    68 65 73 65 73 20 
                    61 72 6F 75 6E 64 
                    20 65 78 70 72 65 
                    73 73 69 6F 6E 73 
                    20 61 72 65 20 6F 
                    70 74 69 6F 6E 61 
                    6C 2C 20 75 73 65 
                    20 77 68 65 6E 20 
                    6E 65 63 65 73 73 
                    61 72 79 0D 
    2649/    1BEB : 0D                          DB   CR
    2650/    1BEC : 46 75 6E 63 74 69           DB   "Functions (always returns a value)"                               ,CR
                    6F 6E 73 20 28 61 
                    6C 77 61 79 73 20 
                    72 65 74 75 72 6E 
                    73 20 61 20 76 61 
                    6C 75 65 29 0D 
    2651/    1C0F : 2D 2D 2D 2D 2D 2D           DB   "---------"                                                        ,CR
                    2D 2D 2D 0D 
    2652/    1C19 : 52 4E 44 20 65 78           DB   "RND expr   A random number between 1 and expr"                    ,CR
                    70 72 20 20 20 41 
                    20 72 61 6E 64 6F 
                    6D 20 6E 75 6D 62 
                    65 72 20 62 65 74 
                    77 65 65 6E 20 31 
                    20 61 6E 64 20 65 
                    78 70 72 0D 
    2653/    1C47 : 41 42 53 20 65 78           DB   "ABS expr   Absolute value of expr"                                ,CR
                    70 72 20 20 20 41 
                    62 73 6F 6C 75 74 
                    65 20 76 61 6C 75 
                    65 20 6F 66 20 65 
                    78 70 72 0D 
    2654/    1C69 : 50 45 45 4B 20 61           DB   "PEEK addr  Value of CPU memory at addr"                           ,CR
                    64 64 72 20 20 56 
                    61 6C 75 65 20 6F 
                    66 20 43 50 55 20 
                    6D 65 6D 6F 72 79 
                    20 61 74 20 61 64 
                    64 72 0D 
    2655/    1C90 : 49 4E 20 61 64 64           DB   "IN addr    Value of CPU io read operation"                        ,CR
                    72 20 20 20 20 56 
                    61 6C 75 65 20 6F 
                    66 20 43 50 55 20 
                    69 6F 20 72 65 61 
                    64 20 6F 70 65 72 
                    61 74 69 6F 6E 0D 
    2656/    1CBA : 53 49 44 20 20 20           DB   "SID        Serial input data, SPI bus read"                       ,CR
                    20 20 20 20 20 53 
                    65 72 69 61 6C 20 
                    69 6E 70 75 74 20 
                    64 61 74 61 2C 20 
                    53 50 49 20 62 75 
                    73 20 72 65 61 64 
                    0D 
    2657/    1CE5 : 47 45 54 43 20 20           DB   "GETC       ASCII value of most recent pressed key (or zero)"      ,CR
                    20 20 20 20 20 41 
                    53 43 49 49 20 76 
                    61 6C 75 65 20 6F 
                    66 20 6D 6F 73 74 
                    20 72 65 63 65 6E 
                    74 20 70 72 65 73 
                    73 65 64 20 6B 65 
                    79 20 28 6F 72 20 
                    7A 65 72 6F 29 0D 
    2658/    1D21 : 54 49 4D 45 20 20           DB   "TIME       Value of millisec counter (use UNSIGN mode)"           ,CR
                    20 20 20 20 20 56 
                    61 6C 75 65 20 6F 
                    66 20 6D 69 6C 6C 
                    69 73 65 63 20 63 
                    6F 75 6E 74 65 72 
                    20 28 75 73 65 20 
                    55 4E 53 49 47 4E 
                    20 6D 6F 64 65 29 
                    0D 
    2659/    1D58 : 55 53 52 20 61 64           DB   "USR addr[,HL,DE,BC,A]  Call assembler routine on addr"            ,CR
                    64 72 5B 2C 48 4C 
                    2C 44 45 2C 42 43 
                    2C 41 5D 20 20 43 
                    61 6C 6C 20 61 73 
                    73 65 6D 62 6C 65 
                    72 20 72 6F 75 74 
                    69 6E 65 20 6F 6E 
                    20 61 64 64 72 0D 
    2660/    1D8E : 20 20 20 20 20 20           DB   "                       Option preload CPU registers"              ,CR
                    20 20 20 20 20 20 
                    20 20 20 20 20 20 
                    20 20 20 20 20 4F 
                    70 74 69 6F 6E 20 
                    70 72 65 6C 6F 61 
                    64 20 43 50 55 20 
                    72 65 67 69 73 74 
                    65 72 73 0D 
    2661/    1DC2 : 4C 45 4E 20 20 20           DB   "LEN        Length of current program"                             ,CR
                    20 20 20 20 20 4C 
                    65 6E 67 74 68 20 
                    6F 66 20 63 75 72 
                    72 65 6E 74 20 70 
                    72 6F 67 72 61 6D 
                    0D 
    2662/    1DE7 : 46 52 45 45 20 20           DB   "FREE       Amount of free memory"                                 ,CR
                    20 20 20 20 20 41 
                    6D 6F 75 6E 74 20 
                    6F 66 20 66 72 65 
                    65 20 6D 65 6D 6F 
                    72 79 0D 
    2663/    1E08 : 0D                          DB   CR
    2664/    1E09 : 41 72 69 74 68 6D           DB   "Arithmetic operands Relational operands Logical operands"         ,CR
                    65 74 69 63 20 6F 
                    70 65 72 61 6E 64 
                    73 20 52 65 6C 61 
                    74 69 6F 6E 61 6C 
                    20 6F 70 65 72 61 
                    6E 64 73 20 4C 6F 
                    67 69 63 61 6C 20 
                    6F 70 65 72 61 6E 
                    64 73 0D 
    2665/    1E42 : 2D 2D 2D 2D 2D 2D           DB   "------------------- ------------------- ----------------"         ,CR
                    2D 2D 2D 2D 2D 2D 
                    2D 2D 2D 2D 2D 2D 
                    2D 20 2D 2D 2D 2D 
                    2D 2D 2D 2D 2D 2D 
                    2D 2D 2D 2D 2D 2D 
                    2D 2D 2D 20 2D 2D 
                    2D 2D 2D 2D 2D 2D 
                    2D 2D 2D 2D 2D 2D 
                    2D 2D 0D 
    2666/    1E7B : 20 20 2B 20 20 41           DB   "  +  Add            >  Greater than        !  Not"                ,CR
                    64 64 20 20 20 20 
                    20 20 20 20 20 20 
                    20 20 3E 20 20 47 
                    72 65 61 74 65 72 
                    20 74 68 61 6E 20 
                    20 20 20 20 20 20 
                    20 21 20 20 4E 6F 
                    74 0D 
    2667/    1EAD : 20 20 2D 20 20 53           DB   "  -  Subtract       >= Gr. than or equal   ~  Invert"             ,CR
                    75 62 74 72 61 63 
                    74 20 20 20 20 20 
                    20 20 3E 3D 20 47 
                    72 2E 20 74 68 61 
                    6E 20 6F 72 20 65 
                    71 75 61 6C 20 20 
                    20 7E 20 20 49 6E 
                    76 65 72 74 0D 
    2668/    1EE2 : 20 20 2A 20 20 4D           DB   "  *  Multiply       <  Less than           &  And"                ,CR
                    75 6C 74 69 70 6C 
                    79 20 20 20 20 20 
                    20 20 3C 20 20 4C 
                    65 73 73 20 74 68 
                    61 6E 20 20 20 20 
                    20 20 20 20 20 20 
                    20 26 20 20 41 6E 
                    64 0D 
    2669/    1F14 : 20 20 2F 20 20 44           DB   "  /  Division       <= Less than or equal  |  Or"                 ,CR
                    69 76 69 73 69 6F 
                    6E 20 20 20 20 20 
                    20 20 3C 3D 20 4C 
                    65 73 73 20 74 68 
                    61 6E 20 6F 72 20 
                    65 71 75 61 6C 20 
                    20 7C 20 20 4F 72 
                    0D 
    2670/    1F45 : 20 20 25 20 20 4D           DB   "  %  Modulus        == Equal               ^  Xor"                ,CR
                    6F 64 75 6C 75 73 
                    20 20 20 20 20 20 
                    20 20 3D 3D 20 45 
                    71 75 61 6C 20 20 
                    20 20 20 20 20 20 
                    20 20 20 20 20 20 
                    20 5E 20 20 58 6F 
                    72 0D 
    2671/    1F77 : 20 3C 3C 20 20 4C           DB   " <<  Left shift     != Not equal"                                 ,CR
                    65 66 74 20 73 68 
                    69 66 74 20 20 20 
                    20 20 21 3D 20 4E 
                    6F 74 20 65 71 75 
                    61 6C 0D 
    2672/    1F98 : 20 3E 3E 20 20 52           DB   " >>  Right shift"                                                 ,CR
                    69 67 68 74 20 73 
                    68 69 66 74 0D 
    2673/    1FA9 : 00                          DB   0
    2674/    1FAA :                     ;
    2675/    1FAA : 32 30 32 30 31 32   BDATE:  DB   "20201231",CR
                    33 31 0D 
    2676/    1FB3 : 00                          DB   0
    2677/    1FB4 :                     ;
    2678/    1FB4 :                     LSTROM: DS   0                  ;ALL ABOVE CAN BE ROM
    2679/    1FB4 :                     ;
    2680/    8000 :                             ORG  8000H              ;HERE DOWN MUST BE RAM
    2681/    8000 :                     RAMBGN: DS   0
    2682/    8000 :                     RCVCHR: DS   1                  ;LAST RCVD CHAR IN RUN
    2683/    8001 :                     DIVOPR: DS   1                  ;TMP STORE DIV OPERATION
    2684/    8002 :                     PCMCPY: DS   1                  ;PORT COMMAND SHADOW REG
    2685/    8003 :                     USIGNF: DS   1                  ;UNSIGNED OPERATION FLAG
    2686/    8004 :                     TIMCNT: DS   2                  ;TIMER INTERRUPT COUNT
    2687/    8006 :                     CURRNT: DS   2                  ;POINTS TO CURRENT LINE
    2688/    8008 :                     STKGOS: DS   2                  ;SAVES SP IN 'GOSUB'
    2689/    800A :                     VARNXT: DS   2                  ;TEMP STORAGE
    2690/    800C :                     STKINP: DS   2                  ;SAVES SP IN 'INPUT'
    2691/    800E :                     LOPVAR: DS   2                  ;'FOR' LOOP SAVE AREA
    2692/    8010 :                     LOPINC: DS   2                  ;INCREMENT
    2693/    8012 :                     LOPLMT: DS   2                  ;LIMIT
    2694/    8014 :                     LOPLN:  DS   2                  ;LINE NUMBER
    2695/    8016 :                     LOPPT:  DS   2                  ;TEXT POINTER
    2696/    8018 :                     RNDNUM: DS   2                  ;RANDOM NUMBER
    2697/    801A :                     TXTUNF: DS   2                  ;->UNFILLED TEXT AREA
    2698/    801C :                     TXTBGN: DS   0                  ;TEXT SAVE AREA BEGINS
    2699/    801C :                     ;                               ;WHERE BASIC PGM IS STORED
    2700/    801C :                     ;                               ;MEMORY ABOVE TXTUNF HOLDS
    2701/    801C :                     ;                               ;@(n),@(n-1),..,@(2),@(1)
    2702/    BF00 :                             ORG  0BF00H             ;RESERVE 54+74+128 BYTE
    2703/    BF00 :                     TXTEND: DS   0                  ;TEXT SAVE AREA ENDS
    2704/    BF00 :                     VARBGN: DS   54                 ;VARIABLE @(0),A,B,..,Z
    2705/    BF36 :                     BUFFER: DS   74                 ;INPUT BUFFER
    2706/    BF80 :                     BUFEND: DS   0                  ;BUFFER ENDS
    2707/    BF80 :                     STKLMT: DS   0                  ;AND MEETS STACK LIMIT
    2708/    BF80 :                     ;                               ;MAKES ROOM FOR 128 BYTE
    2709/    C000 :                             ORG  0C000H             ;STACK STARTS HERE AND
    2710/    C000 :                     STACK:  DS   0                  ;GROWS TOWARDS LOWER ADDR
    2711/    C000 :                     XRAM:   DS   16384              ;NOT HANDLED BY TINY BASIC
    2712/   10000 :                     ;
    2713/   10000 :                     ; *** COMMUNICATION ASCII CONSTATNTS ***
    2714/   10000 : =DH                 CR      EQU  0DH
    2715/   10000 : =AH                 LF      EQU  0AH
    2716/   10000 : =8H                 BS      EQU  08H
    2717/   10000 : =1BH                ESC     EQU  1BH
    2718/   10000 :                     ;
    2719/   10000 :                     ; *** IO PORT MAP AND RELATED DEFINES ***
    2720/   10000 : =0H                 PCMD    EQU  00H
    2721/   10000 : =1H                 PORTA   EQU  01H
    2722/   10000 : =2H                 PORTB   EQU  02H
    2723/   10000 : =3H                 PORTC   EQU  03H
    2724/   10000 : =4H                 PTIML   EQU  04H
    2725/   10000 : =5H                 PTIMH   EQU  05H
    2726/   10000 :                     ;
    2727/   10000 : =10H                UARTD   EQU  10H
    2728/   10000 : =11H                UARTC   EQU  11H
    2729/   10000 : =40H                URESET  EQU  01000000b          ;RESET COMMAND
    2730/   10000 : =4EH                USETUP  EQU  01001110b          ;8 DATA, 1 STOP, X16
    2731/   10000 : =15H                UENABL  EQU  00010101b          ; - ,ERRST,RXEN, - ,TXEN
    2732/   10000 : =2H                 UDTR    EQU  00000010b          ; - ,  -  , -  ,DTR, -
    2733/   10000 : =20H                URTS    EQU  00100000b          ;RTS,  -  , -  , - , -
    2734/   10000 :                     ;
    2735/   10000 : =20H                SPICLK  EQU  20H
    2736/   10000 : =30H                SELECT  EQU  30H
    2737/   10000 :                     ;
    2738/   10000 : =40H                ADC1    EQU  40H                ;ADC CONV.TIME 140 MICROSEC
    2739/   10000 : =50H                ADC2    EQU  50H                ;OK TO USE CONSECUTIVE BASIC
    2740/   10000 : =60H                DAC     EQU  60H                ;OUT(WRITE/START) THEN IN(READ)
    2741/   10000 :                     ;
    2742/   10000 :                     ; *** SERIAL EEPROM COMMANDS AND SIZE ***
    2743/   10000 : =6H                 EEWREN  EQU  6H
    2744/   10000 : =5H                 EERDSR  EQU  5H
    2745/   10000 : =4H                 EEWRDI  EQU  4H
    2746/   10000 : =3H                 EERDDA  EQU  3H
    2747/   10000 : =2H                 EEWRDA  EQU  2H
    2748/   10000 : =1H                 EEWRSR  EQU  1H
    2749/   10000 : =1H                 EEWIPB  EQU  1H
    2750/   10000 : =0H                 EESTRT  EQU  0
    2751/   10000 : =40H                EEPGSZ  EQU  64
    2752/   10000 : =8000H              EESIZE  EQU  32768
    2753/   10000 :                     ;
    2754/   10000 :                             END
 AS V1.42 Beta [Bld 137] - source file tinybas85.asm - page 2 - 12/31/2020 10:28:29


  symbol table (* = unused):
  ------------------------

 ABS :                          6C0 C | *ADC1 :                          40 - |
*ADC2 :                          50 - |  AHOW :                          F9 C |
 ALEFT :                        8AC C | *ARCHITECTURE :  i386-unknown-win32 - |
 ARIGHT :                       8B6 C |  ASORRY :                       80A C |
 AUPDN :                        8BE C |  AWHAT :                        7C3 C |
 BACKSP :                       8D0 C | *BDATE :                       1FAA C |
 BEEP :                         2F0 C | *BIGENDIAN :                      0 - |
 BP0 :                          2F5 C |  BP1 :                          2FC C |
 BP2 :                          305 C | *BRANCHEXT :                      0 - |
 BS :                             8 - |  BUFEND :                      BF80 C |
 BUFFER :                      BF36 C | *CASESENSITIVE :                  0 - |
 CHGSGN :                       777 C |  CHKIO :                        AE6 C |
 CHKSGN :                       76F C |  CHKW1 :                        C7A C |
 CHKWIP :                       C77 C | *CI1 :                          AED C |
 CK1 :                          790 C |  CKHLDE :                       783 C |
*COMP :                          20 C | *CONSTPI :        3.141592653589793 - |
 CONT :                         AB1 C |  CR :                             D - |
 CRLF :                           E C |  CSHIGH :                       C70 C |
 CSLOW :                        C6B C |  CTRLC :                        12A C |
 CURRNT :                      8006 C |  DAC :                           60 - |
*DATE :                  12/31/2020 - |  DEFLT :                        4E0 C |
 DEL1 :                         8DB C |  DEL2 :                         8DD C |
 DEL3 :                         8EA C |  DEL4 :                         8ED C |
 DELETE :                       8D7 C |  DIRECT :                       C17 C |
 DIVIDE :                       752 C |  DIVOPR :                      8001 C |
 DV1 :                          75D C |  DV2 :                          75F C |
 ED1 :                          248 C |  ED2 :                          254 C |
 ED3 :                          258 C |  EDIT :                         230 C |
 EDITLN :                       818 C |  EEPGSZ :                        40 - |
 EERD :                         C92 C |  EERD1 :                        CAA C |
 EERD2 :                        CB6 C |  EERDDA :                         3 - |
 EERDSR :                         5 - | *EESIZE :                      8000 - |
 EESTRT :                         0 - |  EEW1 :                         D0D C |
 EEW2 :                         D10 C |  EEW3 :                         D1C C |
 EEWIPB :                         1 - |  EEWR :                         CEE C |
 EEWR1 :                        CDD C |  EEWR2 :                        CEA C |
 EEWRDA :                         2 - | *EEWRDI :                         4 - |
 EEWREN :                         6 - |  EEWRPG :                       CBA C |
*EEWRSR :                         1 - |  ENDCHK :                       7B6 C |
 ERR1 :                         804 C |  ERROR :                        7CA C |
 ESC :                           1B - |  EX0 :                          C1A C |
 EX1 :                          C1C C |  EX2 :                          C2A C |
 EX5 :                          C34 C |  EXEC :                         C1A C |
*EXPR :                          18 C |  EXPR0 :                        534 C |
 EXPR1 :                        571 C |  EXPR2 :                        5A9 C |
 EXPR3 :                        5D8 C |  EXPR4 :                        651 C |
*FALSE :                          0 - |  FI1 :                          7AE C |
 FI2 :                          7B5 C |  FIN :                          7A7 C |
*FINISH :                        30 C |  FL1 :                          901 C |
 FL2 :                          916 C |  FNDLN :                        8F9 C |
 FNDLP :                        901 C |  FNDNXT :                       915 C |
 FNDSKP :                       917 C |  FOR :                          3B5 C |
 FR1 :                          3C5 C |  FR2 :                          3CF C |
 FR3 :                          3D3 C |  FR4 :                          3D6 C |
*FR5 :                          3D9 C |  FR7 :                          3EE C |
 FR8 :                          40F C |  FR9 :                          414 C |
 FREE :                         745 C | *FULLPMMU :                       1 - |
 GETC :                         6FD C |  GETLN :                        814 C |
 GL1 :                          81A C |  GL2 :                          826 C |
 GL3 :                          833 C |  GL4 :                          868 C |
 GL5 :                          86D C |  GLNRTN :                       146 C |
 GOSUB :                        37C C |  GOTO :                         1D5 C |
*HAS64 :                          1 - | *HASDSP :                         0 - |
*HASFPU :                         0 - | *HASPMMU :                        0 - |
 HELP :                         271 C |  HOW :                          106 C |
 IFF :                          476 C |  IGNBLK :                        28 C |
 INCHR :                        ADF C | *INEXTMODE :                      0 - |
 INIT :                         A4E C | *INLWORDMODE :                    0 - |
*INMAXMODE :                      0 - |  INPERR :                       485 C |
 INPUT :                        48F C |  INS1 :                         87B C |
 INS2 :                         88A C |  INS3 :                         897 C |
 INS4 :                         8A1 C |  INSERT :                       879 C |
*INSRCMODE :                      0 - | *INSUPMODE :                      0 - |
 INV :                          67F C |  IP1 :                          48F C |
 IP2 :                          49F C |  IP3 :                          4B1 C |
 IP4 :                          4D8 C |  IP5 :                          4DF C |
 LD0 :                          202 C |  LD1 :                          226 C |
 LEN :                          738 C |  LET :                          4E6 C |
 LF :                             A - |  LIST :                         280 C |
*LISTON :                         1 - |  LOAD :                         1FC C |
 LOPINC :                      8010 C |  LOPLMT :                      8012 C |
 LOPLN :                       8014 C |  LOPPT :                       8016 C |
 LOPVAR :                      800E C |  LS1 :                          289 C |
 LSH1 :                         593 C |  LSH2 :                         59C C |
 LSHIFT :                       591 C | *LSTROM :                      1FB4 C |
 LT1 :                          4EF C |  MA1 :                          27A C |
*MACEXP :                         7 - |  MAN :                          277 C |
 MD1 :                          A02 C |  MINUS :                        687 C |
*MOMCPU :                      8085 - | *MOMCPUNAME :                  8085 - |
 MSG0 :                         D38 C |  MSGHLP :                       D94 C |
 MSGMAN :                       F0A C |  MULOVF :                       60B C |
 MVDOWN :                       9FA C |  MVUP :                         9F1 C |
*NESTMAX :                      100 - |  NEW :                          19D C |
 NEXT :                         417 C |  NOT :                          673 C |
 NOT1 :                         67B C |  NX0 :                          420 C |
 NX1 :                          45A C |  NX2 :                          46E C |
 NX3 :                          438 C |  NX4 :                          44A C |
 NX5 :                          46C C |  OC3 :                          ACC C |
 OK :                           103 C |  OUTC :                          10 C |
*PACKING :                        0 - | *PADDING :                        1 - |
 PARN :                         668 C |  PBY1 :                         9D8 C |
 PC1 :                          2E1 C |  PCMCPY :                      8002 C |
 PCMD :                           0 - |  PEEK :                         6F1 C |
 PIN :                          6CE C |  PLUS :                         68C C |
 PN1 :                          976 C |  PN2 :                          97D C |
 PN3 :                          98D C |  PN4 :                          98E C |
 PN5 :                          99A C |  PN6 :                          9A0 C |
 POKE :                         35D C |  POPA :                         A09 C |
*PORTA :                          1 - | *PORTB :                          2 - |
 PORTC :                          3 - |  POU1 :                         353 C |
 POUT :                         333 C |  PP1 :                          A23 C |
 PR0 :                          2AC C |  PR1 :                          2BF C |
 PR2 :                          2A3 C |  PR3 :                          2C5 C |
 PR4 :                          2B4 C |  PR6 :                          2CE C |
 PR8 :                          2D2 C |  PRINT :                        298 C |
 PRNG :                         6A6 C |  PRNG1 :                        6BC C |
 PRTBY :                        9D7 C |  PRTHEX :                       9BE C |
 PRTLN :                        9AB C |  PRTNUM :                       966 C |
 PRTSTG :                       921 C |  PRTWD :                        9D3 C |
 PS1 :                          922 C |  PSTR :                         AC4 C |
 PTIMH :                          5 - |  PTIML :                          4 - |
 PU1 :                          A4B C |  PUSHA :                        A25 C |
 PUTC :                         2DB C |  QHOW :                          FC C |
 QSORRY :                       80D C |  QT1 :                          932 C |
 QT2 :                          93B C |  QT3 :                          93F C |
 QT4 :                          947 C |  QT5 :                          965 C |
 QT6 :                          94A C |  QTSTG :                        92D C |
 QWHAT :                        7C6 C |  RAMBGN :                      8000 C |
 RAMEXC :                       6ED C |  RCVCHR :                      8000 C |
*RELAXED :                        0 - |  RELOP :                        4F0 C |
 REM :                          472 C |  RETURN :                       39C C |
*RIMSK :                         14 C |  RND :                          68E C |
 RNDNUM :                      8018 C |  ROP1 :                         4F6 C |
 ROP2 :                         4FC C |  ROP3 :                         502 C |
 ROP4 :                         509 C |  ROP5 :                         511 C |
 ROP6 :                         517 C |  ROP7 :                         51D C |
 ROP8 :                         51F C |  RSH1 :                         59F C |
 RSH2 :                         5A8 C |  RSHIFT :                       59D C |
 RSTART :                       12D C |  RUN :                          1AC C |
 RUNNXL :                       1B6 C |  RUNS1 :                        1CF C |
 RUNSML :                       1C6 C |  RUNTSL :                       1BF C |
 SAVE :                         1E4 C |  SDI1 :                         C5D C |
 SDIN :                         C56 C |  SDO1 :                         C44 C |
 SDOUT :                        C3C C |  SELECT :                        30 - |
 SETVAL :                       792 C |  SETXTL :                       367 C |
 SID :                          6E6 C |  SIGNED :                       328 C |
 SKPCOM :                       7BD C |  SOD :                          357 C |
 SORRY :                        113 C |  SPICLK :                        20 - |
 ST0 :                          133 C |  ST1 :                          11A C |
 ST2 :                          120 C |  ST3 :                          141 C |
 ST4 :                          176 C |  STACK :                       C000 C |
*START :                          0 C |  STKGOS :                      8008 C |
 STKINP :                      800C C |  STKLMT :                      BF80 C |
 STOP :                         1A6 C |  SUBDE :                        768 C |
 SV1 :                          7A4 C |  TAB1 :                         AF3 C |
 TAB10 :                        C0C C |  TAB2 :                         B1D C |
 TAB4 :                         B99 C |  TAB5 :                         BDC C |
 TAB6 :                         BE2 C |  TAB8 :                         BEA C |
 TAB9 :                         C02 C |  TC1 :                           7D C |
 TC2 :                           88 C |  TCNT :                         6F7 C |
 TIMCNT :                      8004 C | *TIME :                    10:28:28 - |
*TIMINT :                        3C C |  TN0 :                           A3 C |
 TN1 :                           CE C |  TN2 :                           A8 C |
 TN3 :                           BB C |  TN4 :                           C8 C |
 TOCHR :                        9E7 C | *TRUE :                           1 - |
*TSTC :                           8 C |  TSTNUM :                        8C C |
 TSTV :                          4D C |  TV1 :                           6D C |
 TXTBGN :                      801C C |  TXTEND :                      BF00 C |
 TXTUNF :                      801A C |  UARTC :                         11 - |
 UARTD :                         10 - |  UDTR :                           2 - |
 UENABL :                        15 - |  UNSIGN :                       32D C |
 URESET :                        40 - |  URTS :                          20 - |
 US1 :                          716 C |  US2 :                          72B C |
 USETUP :                        4E - |  USIGNF :                      8003 C |
 USR :                          708 C |  USRTN :                        736 C |
 VARBGN :                      BF00 C |  VARNXT :                      800A C |
*VERSION :                     142F - |  WAIT :                         2EC C |
 WHAT :                         10C C |  XP01 :                         537 C |
 XP02 :                         54A C |  XP03 :                         55D C |
 XP04 :                         570 C |  XP11 :                         57B C |
 XP12 :                         585 C |  XP13 :                         58F C |
 XP23 :                         5AC C |  XP24 :                         5B3 C |
 XP25 :                         5CB C | *XP26 :                         5CE C |
 XP31 :                         5DB C |  XP32 :                         5F8 C |
 XP33 :                         600 C |  XP34 :                         613 C |
 XP341 :                        619 C |  XP342 :                        61C C |
 XP343 :                        642 C |  XP35 :                         643 C |
 XP40 :                         657 C |  XP41 :                         662 C |
 XP42 :                         66F C |  XP43 :                         670 C |
*XPR40 :                         38 C | *XRAM :                        C000 C |
 XTAL :                         313 C | *ZMEM :                         A65 C |
 ZMEM1 :                        A6B C |

    383 symbols
     50 unused symbols

 AS V1.42 Beta [Bld 137] - source file tinybas85.asm - page 3 - 12/31/2020 10:28:29


  defined macros:
  ---------------

ARHL                                  | DSUB                                 
DWA                                   | JK                                   
JNK                                   | LDHI                                 
LDSI                                  | LHLX                                 
RDEL                                  | RSTV                                 
SHLX                                  |

     11 macros

 AS V1.42 Beta [Bld 137] - source file tinybas85.asm - page 4 - 12/31/2020 10:28:29


  codepages:
  ----------

STANDARD (0 changed characters)


0.07 seconds assembly time

   2755 lines source file
   2904 lines incl. macro expansions
      2 passes
      0 errors
      0 warnings
